ID,Question Body,Choice 1,Choice 2,Choice 3,Choice 4,Key,Education Period,Grade Title,Level,Is Trap,Trap,Course Title,P0,P1,P2,P3,P4,Year,final_category_fa,Answer
6422,کدام یک از موارد زیرآب رودخانه‌ها را آلوده می‌کند؟(بهترین گزینه را انتخاب کنید.),ریختن زباله‌ و موادّ آلاینده در آب رودخانه,استفاده بیش از حد از آب رودخانه,استفاده از آب رودخانه برای حمل و نقل,آبیاری گیاهان بوسیله آب رودخانه,1.0,دبستان 1,دوم دبستان,ساده,False,,علوم تجربی دوم دبستان,3.0,94.0,1.0,0.0,0.0,1400,علوم تجربی دوره اول ابتدایی,انسان‌ها با ریختن زباله و موادّ آلاینده در آب، آن را آلوده می‌کنند، در‌ حالی‌که سایر موارد نمونه‌هایی از موارد استفاده‌ی آب است نه دلیل آلودگی آن.
10747,یکی از مهم ترین انتقادات مردم شناسان در رابطه با جامعه شناسی چه بود و نمودار مناسب با نگرش مردم‌شناسان درباره فرهنگ‌های مختلف کدام است؟,انتقاد به تصور سادۀ جامعه شناسی غربی از سایر فرهنگ ها _ طولی,انتقاد به مطالعۀ جوامع ساده و ابتدایی توسط جامعه شناسان _ عرضی,انتقاد به تقسیم کار صورت گرفته میان مردم شناسی و جامعه شناسی _ طولی,انتقاد به خودمداری فرهنگ غرب و تصور سادۀ آن از سایر فرهنگ ها _ عرضی,4.0,متوسطه 2,دهم انسانى,دشوار,False,,جامعه شناسی 1 دهم انسانی,74.0,3.0,3.0,2.0,18.0,1398,جامعه شناسی دوره دوم متوسطه,"-وقتی مردم شناسان بنا به وظیفۀ حرفه ای خود، با فرهنگ های غیرغربی مواجه شدند، به پیچیدگی و عمق آن ها و اشتباه جامعه شناسان غربی پی‌بردند. از این رو، یکی از مهم ترین انتقادها به خودمداری فرهنگ غرب و تصور سادۀ آن از سایر فرهنگ ها را مردم شناسان مطرح کردند. 
 - نمودار مناسب با نگرش مردم‌شناسان درباره فرهنگ‌های مختلف، نمودار عرضی است."
6231,همه موارد زیر درست هستند، به‌جز …,در دمای اتاق $pH$ نیم‌واکنش اکسایش برقکافت آب برخلاف $pH$ نیم‌واکنش کاهش خوردگی آهن کوچکتر از $7$ است.,عدد اکسایش کربن مشخص شده برابر عدد اکسایش فلز موجود در فرآورده نهایی خوردگی آهن است.,در برقکافت آب، دو الکترود بی‌اثر توسط دیواره متخلخل از یکدیگر جدا شده‌اند.,در فرآیند تهیه فلز منیزیم از آب دریا، گاز کلر نیز تهیه می‌شود.,3.0,متوسطه 2,دوازدهم تجربي,متوسط,False,,شیمی 3,70.0,2.0,3.0,24.0,1.0,1398,شیمی دوره دوم متوسطه,"بررسی همه گزینه‌ها: 
 گزینه «1»: 
 $2H_2O\rightarrow O_2+\underset{محیط\;اسیدی}{\underbrace{4H^+}_{\,\,\,\,\,\,\,\,\,\,\,\,\,\,\,\,\,\,}}+4e^-$:نیم‌واکنش اکسایش برقکافت آب 
 $4e^-+2H_2O+O_2\rightarrow\underset{محیط\;بازی}{\underbrace{4OH^-}_{\,\,\,\,\,\,\,\,\,\,\,\,\,\,\,}}$: نیم‌واکنش کاهش خوردگی آهن 
 گزینه «2»: عدد اکسایش کربن مشخص شده برابر $+3$ است. فرآورده نهایی خوردگی آهن $Fe\,{{(OH)}_{3}}$ بوده که در این‌جا نیز عدد اکسایش آهن برابر با $+3$ است. 
 گزینه «3»: در برقکافت آب، دیواره متخلخل وجود ندارد. 
 گزینه «4»: در فرآیند برقکافت $MgC{{l}_{2}}$ مذاب، فلز منیزیم مذاب و گاز کلر تهیه می‌شود."
6352,به موادی که شکل معینی ندارند و در هر ظرفی که آن‌ها را بریزیم به شکل همان ظرف در می‌آیند . . . گویند. این مواد را اگر خیلی سرد کنیم ممکن است به حالت . . . در آیند.,مایع- جامد,مایع- مایع,جامد- مایع,جامد- جامد,1.0,دبستان 1,دوم دبستان,نسبتا ساده,False,,علوم تجربی دوم دبستان,4.0,74.0,10.0,9.0,4.0,1394,علوم تجربی دوره اول ابتدایی,مایعات شکل معینی ندارند و در هر ظرفی آن‌ها را بریزیم به شکل همان ظرف در می‌آیند و اگر آن‌ها را خیلی سرد کنیم ممکن است به حالت جامد درآیند.
16233,کدام بیت آرایه مجاز به علاقه شباهت دارد؟,در این بازار اگر سودی است با درویش خرسند است / خدایا منعمم گردان به درویشی و خرسندی,دیگران قرعه قسمت همه بر عیش زدند / دل غمدیده ما بود که هم بر غم زد,شاها فلک از بزم تو در رقص و سماع است /  دست طرب از دامن این زمزمه مگسل,من که باشم که بر آن خاطر عاطر گذرم /  لطف‌ها می‌کنی ای خاک درت تاج سرم,1.0,متوسطه 2,یازدهم انسانى,دشوار,False,,علوم و فنون ادبی 2 يازدهم,83.0,6.0,2.0,5.0,3.0,1396,زبان و ادبیات فارسی دوره دوم متوسطه,«بازار» مجاز از «دنیا» است. (مجاز به علاقه شباهت)
19338,به ازای کدام مقدار m رأس سهمی $y=(2m-1){{x}^{2}}+3x-1$ بر محور ‌xها قرار دارد؟,$\frac{3}{8}$,$\frac{1}{2}$,$-\frac{5}{8}$,$\frac{5}{8}$,3.0,متوسطه 2,دهم انسانى,دشوار,False,,ریاضی و آمار 1 دهم انسانی,95.0,0.0,2.0,2.0,1.0,1395,ریاضی و آمار دوره دوم متوسطه,"شرط آن‌که رأس سهمی بر محور xها قرار داشته باشد $\Delta =0$ است. 
 $\begin{align} 
  & \Delta =0\Rightarrow {{b}^{2}}-4ac=0\Rightarrow {{3}^{2}}-4(2m-1)(-1)=0 \\ 
 & \Rightarrow 9+8m-4=0\Rightarrow 8m=-5\Rightarrow m=\frac{-5}{8} \\ 
\end{align}$"
19930,همه‌ی موارد زیر نادرست‌اند به‌جز :,در اتم هیدروژن بازگشت الکترون از لایه‌ی پنجم به حالت پایه، نوری با طول‌موج 434 نانومتر ساطع می‌کند.,انرژی الکترون با فاصله از هسته اتم رابطه‌ی عکس دارد.,شیوه نردبانی دریافت یا از دست دادن انرژی را شیوه کوانتومی می‌نامند.,نیلز بور به دنبال توجیه و یافتن علت ایجاد طیف نشری خطی در اتم هیدروژن، ساختاری لایه‌ای برای اتم پیشنهاد کرد.,3.0,متوسطه 2,دهم تجربي,متوسط,False,,شیمی 1 دهم,46.0,9.0,13.0,23.0,10.0,1396,شیمی دوره دوم متوسطه,"بررسی موارد نادرست: 
 گزینه‌ی «1»: در اتم هیدروژن انتقال الکترون از لایه‌ی پنجم به لایه‌ی دوم، نوری با طول‌موج$434$ نانومتر ساطع می‌کند. 
 گزینه‌ی«2»: انرژی الکترون با فاصله‌ی آن از هسته رابطه‌ی مستقیم دارد. 
 گزینه‌ی «4»: مدل لایه‌ای متعلق به نیلز بور نیست."
2388,ریشه‌های معادله $\log\;x=\sqrt{\log\;x^7-12}$ چقدر اختلاف دارند؟,11000,9000,100000,12000,2.0,متوسطه 2,یازدهم تجربي,دشوار,False,,ریاضی 2 يازدهم تجربي,90.0,1.0,7.0,1.0,1.0,1397,ریاضی دوره دوم متوسطه,"$\begin{array}{l}\log\;x=\sqrt{\log\;x^7-12}\Rightarrow\left(\log\;x\right)^2=\log\;x^7-12\\\Rightarrow\left(\log\;x\right)^2=7\log\;x-12\Rightarrow\left(\log\;x\right)^2-7\left(\log\;x\right)+12=0\\\Rightarrow\left(\log\;x-3\right)\left(\log\;x-4\right)=0\Rightarrow\log\;x=3\;\begin{array}{c}یا\end{array}\log\;x=4\\x_1=10^3\;\;\;\;,\;\;\;x_2=10^4\Rightarrow x_2-x_1=10^4-10^3=10000-1000=9000\end{array}$"
3100,تولّد من روز یکشنبه است و تولّد برادرم 45 روز بعد است. روز تولّد برادرم چند شنبه است؟,یک‌شنبه,سه‌شنبه,چهارشنبه,پنج شنبه,3.0,دبستان 1,سوم دبستان,دشوار,False,,ریاضی سوم دبستان,25.0,12.0,18.0,28.0,17.0,1393,ریاضی دوره اول ابتدایی,"روز تولد من یکشنبه است. هر هفته، هفت روز است. داریم: 
 $\;\begin{array}{c}روز\;تولد\;من\;\left(یکشنبه\right)\end{array}\;0\xrightarrow[{+7}]{}7\xrightarrow[{+7}]{}14\xrightarrow[{+7}]{}21\xrightarrow[{+7}]{}28\xrightarrow[{+7}]{}35\xrightarrow[{+7}]{}42$ 
 با توجّه به الگو، 42 روز بعد از تولّد من، باز هم یکشنبه است. پس: 
 روز 45 (چهارشنبه)   $\rightarrow$ روز 44 (سه‌شنبه)    $\rightarrow$    روز 43 (دوشنبه)"
1504,داده‌های آماری در 8 طبقه دسته‌بندی شده‌اند. اگر داده‌ها را در 9 طبقه دسته‌بندی کنیم، طول طبقه‌ها$\frac{2}{3}$کم می‌شود. در دسته‌بندی اولیه‌ی داده‌ها، اختلاف بین کران بالای طبقه‌ی دوم و کران پایین طبقه‌ی پنجم چه‌قدر است؟,12,18,8,24,1.0,متوسطه 2,یازدهم رياضي,دشوار,False,,آمار و احتمال يازدهم ریاضی,90.0,8.0,1.0,1.0,1.0,1395,آمار و احتمال دوره دوم متوسطه,"با تغییر تعداد دسته‌ها دامنه‌ی تغییرات تغییری نمی‌کند، اگرC  طول دسته باشد، می‌دانیم:$R=nC$ 
 $\left\{ \begin{matrix}   R=8C\,\,\,\,\,\,\,\,\,\,\,\,  \\   R=9(C-\frac{2}{3})  \\\end{matrix} \right.\,\,\,\Rightarrow 8C=9(C-\frac{2}{3})\Rightarrow C=6$ 
 کران بالای طبقه دوم برابر کران پایین طبقه‌ی سوم است و اختلاف کران‌های پایین طبقات پنجم و سوم برابر $2C$یعنی$2\times 6=12$است."
18960,"دمای هوای تبریز در یک صبح زمستانی (6-) درجه است. اگر در این روز دمای هوای همدان 5 
 درجه گرم‌تر از تبریز و 2 درجه سردتر از تهران باشد. دمای هوای تهران چند درجه است؟",1,-3,-1,3,1.0,متوسطه 1,هفتم,ساده,True,",2,",ریاضی هفتم,5.0,57.0,25.0,7.0,6.0,1393,ریاضی دوره اول متوسطه,"دمای هوای همدان، درجه $(-6)+5=-1$ 
 دمای هوای تهران، درجه $(-1)+2=2+(-1)=+1$"
447,اگر در شاخص بهای کالا و خدمات، واحد اندازه‌گیری 2 برابر شود، آنگاه تغییرات مقدار این شاخص، کدام است؟,تغییر نمی‌کند.,نصف می‌شود.,دو برابر می‌شود.,قابل پیش‌بینی نیست.,1.0,متوسطه 2,یازدهم انسانى,نسبتا دشوار,False,,ریاضی و آمار 2 يازدهم انسانى,,,,,,1399,ریاضی و آمار دوره دوم متوسطه,"گزینه1 
 شاخص‌ بهای کالا به واحد اندازه‌گیری بستگی ندارد."
2501,مقدار انرژی آزاد شده (E) برحسب ارگ در یک زمین‌لرزه از رابطه $\log E=11/8+1/5M$ به دست می‌آید که در آن M واحد بزرگی زلزله برحسب ریشتر و E انرژی آزاد شده است. مقدار انرژی آزاد شده در یک زمین‌لرزه 6/2 ریشتری چند واحد است؟,${{10}^{21/7}}$,${{10}^{21/1}}$,${{10}^{21/5}}$,${{10}^{21/8}}$,2.0,متوسطه 2,یازدهم تجربي,ساده,False,,ریاضی 2 يازدهم تجربي,42.0,1.0,55.0,1.0,1.0,1397,ریاضی دوره دوم متوسطه,"$M=6/2\,$ 
 $\Rightarrow \log E=11/8+1/5(6/2)\Rightarrow \log E=21/1\Rightarrow E={{10}^{21/1}}$"
4472,"مریم %80 پولش را بلوز خرید و $\frac{1}{5}\,$ باقی‌مانده‌ی پولش را به دوستش داد. چند درصد از پول مریم باقی مانده است؟",صفر درصد,84%,16%,15%,3.0,دبستان 2,پنجم دبستان,متوسط,True,",1,",ریاضی پنجم دبستان,26.0,21.0,4.0,37.0,11.0,1396,ریاضی دوره دوم ابتدایی,"درصد باقی‌مانده بعد از خریدن بلوز   20 = 80 – 100 
 درصد پولی که به دوستش داد.    4% $\frac{1}{5}\times \frac{20}{100}=\frac{\overset{4}{\mathop{\not{20}}}\,}{\underset{1}{\mathop{{\not{5}}}}\,\times 100}=\frac{4}{100}=$ 
 درصد پولی که خرج کرد.   84 = 4 + 80 
 درصد پولی که برایش باقی ماند.   16 = 84 - 100"
6039,"با توجه به معادله‌های واکنش‌های داده شده، کدام واکنش‌ها می‌توانند به‌طور طبیعی انجام بگیرند؟ (عناصر$B$، $C$، $D$ و$E$ فلز هستند.) 
 انجام‌ناپذیر$b)\,CA+D\to $                        $a)\,\,BA+C\to CA+B$ 
 $d)\,\,DX+B\to BX+D$                      انجام‌ناپذیر $c)\,\,DA+E\to $ 
 $EA+B\rightarrow\;\;\;\;\;\;.III\;\;\;\;\;\;\;\;\;\;\;\;\;\;\;\;\;\;\;\;\;CA+E\rightarrow\;\;\;\;\;.II\;\;\;\;\;\;\;BA+D\rightarrow\;\;\;\;.I$",$I$ و$II$,$I$ و$III$,$III$,$II$ و $III$,3.0,متوسطه 2,یازدهم تجربي,متوسط,False,,شیمی 2 يازدهم,68.0,2.0,3.0,23.0,3.0,1398,شیمی دوره دوم متوسطه,با توجه به معادله‌های واکنش‌های داده شده، مقایسه میزان واکنش‌پذیری فلزها به صورت «$C>B>D>E$» می‌باشد، پس فقط واکنش$(III)$ به‌طور طبیعی قابل انجام است.
20455,برای کدام‌یک از تحقیق‌های زیر با «مراجعه به کتاب‌خانه» نمی‌توان به اطلاعاتی دست یافت؟,میزان علاقه‌مندی دانش‌آموزان به برنامه‌ی کودک,تغذیه‌ی پنگوئن‌ها,تحقیق در مورد واژه‌ی «مشقّت»,تاریخچه‌ی شعر «نو»,1.0,دبستان 2,پنجم دبستان,ساده,False,,علوم تجربی پنجم دبستان,12.0,82.0,2.0,2.0,1.0,1396,علوم تجربی دوره دوم ابتدایی,"گزینه‌ی «1» 
 اطلاعات مربوط به میزان علاقه‌مندی دانش‌آموزان به برنامه‌ی کودک، باید با «نظرسنجی» گردآوری شود."
2150,نمودار تابع $f\left( x \right)=\frac{m{{x}^{3}}}{3}+\frac{\left( m+1 \right){{x}^{2}}}{2}+mx+m$ اکیداً صعودی است. حدود $m$ کدام است؟,"$\mathbb{R}-\left( -\frac{1}{3},1 \right)$","$\left[ -\frac{1}{3},1 \right]$","$\left[ 1,+\infty  \right)$","$\left( -\infty ,1 \right)$",3.0,متوسطه 2,دوازدهم رياضي,متوسط,False,,حسابان2,79.0,4.0,4.0,12.0,1.0,1398,حسابان دوره دوم متوسطه,"تابع پیوسته و مشتق‌پذیر $f\left( x \right)$ اکیداً صعودی است اگر و فقط اگر ${f}`\left( x \right)\ge 0$ باشد، به شرط آنکه نقاطی که در آن ${f}`$ صفر است، تشکیل پاره‌خط ندهند. 
 ${f}`\left( x \right)=m{{x}^{2}}+\left( m+1 \right)x+m\ge 0$ 
 برای اینکه نامساوی فوق همواره صحیح باشد، باید داشته باشیم: 
 $\left\{ \begin{align}  & m>0(1) \\  & \Delta \le 0\Rightarrow {{\left( m+1 \right)}^{2}}-4{{m}^{2}}\le 0\Rightarrow -3{{m}^{2}}+2m+1\le 0 \\ \end{align} \right.$ 
 $\Rightarrow \left( m-1 \right)\left( 3m+1 \right)\ge 0\Rightarrow \left\{ \begin{align}  & m\ge 1 \\  & m\le -\frac{1}{3} \\ \end{align} \right.(2)$ 
 $\xrightarrow{(1),(2)}m\in \left[ 1,+\infty  \right)$"
4192,"برای بررسی وضعیت اجتماعی و اقتصادی خانواده‌های یک شهر، در چند مورد از روش‌های نمونه‌گیری زیر، تمامی قشرهای جامعه، شانس حضور ندارند ؟ 
 الف) انتخاب خانوارها به صورت تصادفی از یک منطقه شهر 
 ب) انتخاب خانوارها به صورت تصادفی بر اساس رقم آخر شماره پلاک منازل 
 پ) انتخاب خانوارها به صورت تصادفی بر اساس رقم آخر کدپستی",1,2,3,صفر,1.0,متوسطه 2,دوازدهم انساني,متوسط,True,",3,",ریاضی وآمار3,64.0,13.0,7.0,10.0,6.0,1398,ریاضی و آمار دوره دوم متوسطه,نباید خانواده‌ها را به صورت تصادفی از یک منطقه انتخاب کرد؛ چون در این صورت تمامی مناطق، شانس حضور ندارند و همه قشرهای جامعه را دربر نمی‌گیرد؛ ولی اگر رقم آخر شماره پلاک منازل مدنظر باشند، همه مناطق شانس انتخاب شدن را دارند. همچنین انتخاب خانوار اگر بر اساس رقم آخر کدپستی باشد، همه قشرها شانس حضور دارند.
4894,معادله ${{x}_{1}}+{{x}_{2}}+{{x}_{3}}=17$ ، چند دسته جواب طبیعی فرد دارد؟,28,36,45,66,2.0,متوسطه 2,دوازدهم رياضي,متوسط,False,,ریاضیات گسسته,74.0,2.0,20.0,2.0,2.0,1398,ریاضیات گسسته دوره دوم متوسطه,"اگر $(1\le i\le 3){{x}_{i}}=2{{k}_{i}}+1$ انتخاب شود، آنگاه داریم: 
 $\begin{align}  & (2{{k}_{1}}+1)+(2{{k}_{2}}+1)+(2{{k}_{3}}+1)=17 \\  & \Rightarrow 2({{k}_{1}}+{{k}_{2}}+{{k}_{3}})=14\Rightarrow {{k}_{1}}+{{k}_{2}}+{{k}_{3}}=7 \\ \end{align}$ 
 تعداد جواب‌های صحیح و نامنفی معادله حاصل برابر است با: 
 $\begin{array}{l}\begin{pmatrix}7+3-1\\3-1\end{pmatrix}=\begin{pmatrix}9\\2\end{pmatrix}=36\\\\\end{array}$"
2616,اگر$A\subseteq B$،$P({A}`)=\frac{2}{3}$ و$P(B)=\frac{3}{4}$ باشد، حاصل$P({A}`|B)$ کدام است؟,$\frac{5}{12}$,$\frac{3}{7}$,$\frac{1}{2}$,$\frac{5}{9}$,4.0,متوسطه 2,دوازدهم تجربي,ساده,False,,ریاضی 3,51.0,3.0,2.0,3.0,41.0,1399,ریاضی دوره دوم متوسطه,"گزینه «4» 
 با توجه به$A\subseteq B$ داریم: 
 $P(B-A)=P(B)-P(A)$ 
 از طرفی$P(A)=1-P({A}`)=\frac{1}{3}$، پس: 
 $P({A}`\bigcap B)=P(B-A)=\frac{3}{4}-\frac{1}{3}=\frac{5}{12}$ 
 $P({A}`|B)=\frac{P({A}`\bigcap B)}{P(B)}=\frac{\frac{5}{12}}{\frac{3}{4}}=\frac{5}{9}$"
13477,چه عواملی مهم‌ترین نقش را در تعیین آب و هوایی یک منطقه دارند؟,نوع خاک و دمای هوا,دمای هوا و بارش,دمای هوا و پوشش گیاهی,نوع خاک و بارش,4.0,دبستان 2,چهارم دبستان,دشوار,False,,مطالعات اجتماعی چهارم دبستان,,,,,,1399,مطالعات اجتماعی دوره دوم ابتدایی,گزینه «2» _ در تعیین آب و هوایی یک منطقه، دمای هوا و بارش مهم‌ترین نقش را دارند.
1393,ظرفیت خازنی 5 میکروفاراد و بار الکتریکی آن $q$ است. اگر$3mC$ بار الکتریکی را از صفحه منفی جدا کرده و به صفحه مثبت منتقل کنیم. انرژی ذخیره شده در خازن به اندازه $4/5J$ افزایش می‌یابد. $q$ چند میلی کولن است؟,3,6,9,12,2.0,متوسطه 2,یازدهم رياضي,نسبتا دشوار,False,,فیزیک 2 يازدهم رياضي,,,,,,1400,فیزیک دوره دوم متوسطه,"گزینه «2» 
 با جدا کردن $3mC$ بار از صفحه منفی و انتقال به صفحه مثبت، بار ذخیره شده در خازن $3mC$ افزایش می‌یابد. 
 بنابراین: 
 ${{Q}_{2}}-{{Q}_{1}}=3mC\,\,(*)$ 
 با استفاده از رابطه انرژی ذخیره شده در خازن،‌ داریم: 
 $U=\frac12\frac{Q^2}C\Rightarrow\Delta U=\frac1{2C}\left(Q_2^2-Q_1^2\right)\Rightarrow\Delta U=\frac1{2C}\left(Q_2+Q_1\right)\left(Q_2-Q_1\right)$ 
 $\Rightarrow 4/5=\frac{1}{2\times 5\times {{10}^{-6}}}({{Q}_{2}}+{{Q}_{1}})\times 3\times {{10}^{-3}}\Rightarrow {{Q}_{2}}+{{Q}_{1}}=15\times {{10}^{-3}}C$ 
 $\Rightarrow {{Q}_{2}}+{{Q}_{1}}=15cm\,\,(**)$ 
 با حل هم‌زمان معادله‌های $(*)$ و $(**)$ داریم: 
 $\left\{\begin{array}{l}Q_2+Q_1=15mC\\Q_2-Q_1=3mC\end{array}\right.\Rightarrow\left\{\begin{array}{l}Q_1=6mC\\Q_2=9mC\end{array}\right.$"
11720,به‌ترتیب کدام شاعر در سرودن شعر مذهبی معروف و ترکیب‌بند عاشورایی او زبانزد است و کدام شاعر سبک هندی «خلاق‌المعانی ثانی» لقب گرفت؟,محتشم کاشانی ـ کلیم کاشانی,محتشم کاشانی ـ بابا فغانی شیرازی,کلیم کاشانی ـ بیدل دهلوی,کلیم کاشانی ـ محتشم کاشانی,1.0,متوسطه 2,یازدهم انسانى,ساده,False,,علوم و فنون ادبی 2 يازدهم,21.0,61.0,10.0,6.0,3.0,1396,زبان و ادبیات فارسی دوره دوم متوسطه,"محتشم کاشانی در سرودن شعر مذهبی معروف و ترکیب‌بند عاشورایی او زبانزد است. 
 کلیم کاشانی با به کار بردن مضمون‌های ابداعی فراوان «خلاق‌المعانی ثانی» نام گرفت."
4413,پدر مهسا برای جشن تولّد او، 3 کیک هم‌اندازه خرید. دوستان مهسا $2\frac{1}{4}$ کیک را خوردند. اگر خود مهسا $\frac{1}{6}$ یک کیک را بخورد، چه‌قدر کیک باقی می‌ماند؟,$2\frac{5}{12}$,$\frac{7}{12}$,$\frac{12}{7}$,$5\frac{5}{12}$,2.0,دبستان 2,پنجم دبستان,متوسط,True,",1,",ریاضی پنجم دبستان,29.0,20.0,39.0,7.0,5.0,1393,ریاضی دوره دوم ابتدایی,"گزینه‌ی «2» 
 کیک خورده شده   $2\frac{1}{4}+\frac{1}{6}=2\frac{3}{12}+\frac{2}{12}=2\frac{5}{12}$ 
 کیک باقی‌مانده    $1-\frac{5}{12}=\frac{12}{12}-\frac{5}{12}=\frac{7}{12}$ $2\frac{12}{12}-2\frac{5}{12}=$"
17041,"هر یک از قسمت‌های مشخص شده در بیت زیر، به‌ترتیب درباره‌ی‌ کدام فصل‌های سال هستند؟ 
 «اجزای خاک مرده ، به تأثیر آفتاب / بستان میوه و چمن و لاله‌زار کرد»",پاییز - تابستان,پاییز - بهار,زمستان - تابستان,زمستان - بهار,4.0,دبستان 2,پنجم دبستان,متوسط,False,,فارسی پنجم دبستان,12.0,5.0,14.0,14.0,55.0,1399,زبان و ادبیات فارسی دوره دوم ابتدایی,«خاک مرده» به فصل زمستان و «بستان میوه و چمن و لاله‌زار» به فصل بهار اشاره دارد.
13963,اگر از بالا به اتاقمان نگاه کنیم، همه‌ی موارد زیر را می‌بینیم، به‌جز ...,تخت‌خواب,کمد کتاب,کتاب‌های درون کمد,میز مطالعه,3.0,دبستان 2,چهارم دبستان,ساده,False,,مطالعات اجتماعی چهارم دبستان,6.0,4.0,5.0,83.0,3.0,1395,مطالعات اجتماعی دوره دوم ابتدایی,کتاب‌های درون کمد را نمی‌توانیم ببینیم.
15789,کودکان در چه سنی قادرند بدون کمک دیگران راه بروند؟,6 ماهگی,18 ماهگی,12 ماهگی,2 سالگی,3.0,متوسطه 2,یازدهم انسانى,متوسط,False,,روانشناسی يازدهم انسانى,,,,,,1397,روانشناسی دوره دوم متوسطه,"گزینه 3 
 کودک در سن 12 تا 15 ماهگی (1 سالگی) می‌تواند بدون کمک دیگران راه برود."
10011,کدام یک از عبارت‌های زیر به برتر بودن نیکی کردن اشاره ندارد ؟,و لاتَستَوی الحَسَنََةُ و لا السّیّئَةُ,اِدفَع بِالَّتی هِیَ اَحسَنُ,و الله یُحِّبُّ المحسنین,وَ فِی‌الاَرضِ آیاتٌ ... َافَلا تُبصِرون,4.0,دبستان 2,پنجم دبستان,دشوار,False,,هدیه های آسمان پنجم دبستان,24.0,10.0,9.0,13.0,44.0,1395,تعلیم و تربیت اسلامی دوره دوم ابتدایی,"گزینه ها‌ی «1،2 و 3» به برتر بودن نیکی اشاره دارند: 
 1) خوبی و بدی مساوی نیست. ← خوبی بالاتر است. 
 2) بدی را با نیکی کردن برطرف کن.←  خوبی بهتر است. 
 3) خدا نیکوکاران را دوست دارد. ← خوبی بهتر است. 
 امّا در گزینه‌‌‌ی «4» آیه‌ی «وَ فِی‌الاَرضِ آیاتٌ ...» نشانه‌های خداوند را بیان می‌کند."
12958,ابعاد جمعیت شهرنشینان، روستانشینان و عشایر ایران را کدام گزینه بهتر نشان می‌دهد؟,شهرنشینان بیشتر از روستانشینان، و روستانشینان بیشتر از عشایر,شهرنشینان بیشتر از عشایر، و عشایر بیشتر از روستانشینان,روستانشینان بیشتر از شهرنشینان، و شهرنشینان بیشتر از عشایر,روستانشینان بیشتر از عشایر، و عشایر بیشتر از شهرنشینان,1.0,متوسطه 1,هفتم,ساده,False,,مطالعات اجتماعی هفتم,8.0,83.0,3.0,4.0,2.0,1396,مطالعات اجتماعی دوره اول متوسطه,در ایران، تعداد شهرنشینان بیشتر از تعداد روستانشینان، و تعداد روستانشینان بیشتر از تعداد عشایر است.
2153,مشتق تابع$y={{(\sqrt{\frac{x+3}{2x+1}})}^{3}}$ در نقطه$x=1$ کدام است؟,"$\frac{-5\,\sqrt{3}}{9}$","$\frac{-3\,\sqrt{3}}{5}$","$\frac{5\,\sqrt{3}}{2}$","$\frac{3\,\sqrt{3}}{4}$",1.0,متوسطه 2,دوازدهم رياضي,متوسط,False,,حسابان2,54.0,16.0,10.0,10.0,9.0,1401,حسابان دوره دوم متوسطه,"گزینة «1» 
 $y={{(\sqrt{\frac{x+3}{2x+1}})}^{3}}$ 
 $\Rightarrow {y}`=3(\sqrt{\frac{x+3}{2x+1}}{)}`{{(\sqrt{\frac{x+3}{2x+1}})}^{2}}$ 
 $=3(\frac{\frac{1\,(2x+1)-2(x+3)}{{{(2x+1)}^{2}}}}{2\,\sqrt{\frac{x+3}{2x+1}}})\,{{(\sqrt{\frac{x+3}{2x+1}})}^{2}}$ 
 $x=1\Rightarrow {y}`=3(\frac{\frac{1\,(3)-2(4)}{9}}{2\,\sqrt{\frac{4}{3}}})\,{{(\sqrt{\frac{4}{3}})}^{2}}=\frac{-5\,\sqrt{3}}{9}$"
3282,کدام یک از دوران‌های زیر در جهت عقربه‌های ساعت شکل را به موقعیت اولیه‌ی خود باز می‌گرداند؟,6 دوران 120 درجه,5 دوران 180 درجه,2 دوران 90 درجه,4 دوران 120 درجه,1.0,دبستان 2,ششم دبستان,متوسط,True,",3,",ریاضی ششم دبستان,31.0,31.0,10.0,21.0,7.0,1395,ریاضی دوره دوم ابتدایی,دوران 360 درجه یعنی چرخش کامل شکل و بازگشت به موقعیت اولیه آن، بنابراین درگزینه‌ی «1» 6 دوران 120 درجه می‌شود 720 درجه یعنی 2 بار دوران 360 درجه.
7958,در مدل آرمانی و ساده‌شده یک شاره در حال حرکت و بدون تلاطم، فرض می‌کنیم که شاره …… است و گران‌روی ……,تراکم‌پذیر _ ندارد.,تراکم‌ناپذیر _ ندارد.,تراکم‌پذیر _ دارد.,تراکم‌ناپذیر _ دارد.,2.0,متوسطه 2,دهم تجربي,متوسط,False,,فیزیک 1  دهم تجربی,45.0,13.0,32.0,4.0,5.0,1400,فیزیک دوره دوم متوسطه,"گزينة «2» 
 در مدل آرمانی و ساده‌شدة یک شارة در حال حرکت و بدون تلاطم، فرض می‌کنیم که شاره تراکم‌ناپذیر با چگالی ثابت است و گران‌روی (اصطکاک داخلی) ندارد."
3393,"اگر مجموعه $A=\{a\ ,\ {{a}^{2}}\ ,\ {{a}^{3}}\ ,\ {{a}^{4}}\ ,\ \ldots \}$ دارای فقط 4 زیرمجموعه باشد، در این صورت حاصل $a+1$ کدام است؟ ($a\in \mathbb{Z}$)",1,-1,صفر,نمی‌توان گفت.,3.0,متوسطه 1,نهم,متوسط,False,,ریاضی نهم,42.0,7.0,6.0,26.0,19.0,1401,ریاضی دوره اول متوسطه,"گزينة «3» 
 چون مجموعۀ $A$، 4 زیرمجموعه دارد، پس دارای دو عضو است، زیرا ${{2}^{2}}=4$. 
 چون مجموعۀ $A$ دو عضو دارد، باید توان‌های زوج $a$ با هم و توان‌های فرد $a$ با هم برابر باشند. یعنی: 
 $a={{a}^{3}}={{a}^{5}}=\ldots \,\,\,\,\,\,\,\,\,\,,\,\,\,\,\,\,\,\,\,\,{{a}^{2}}={{a}^{4}}={{a}^{6}}=\ldots $ 
 $a={{a}^{3}}\Rightarrow \left\{ \begin{align}  & a=0 \\  & a=\pm 1 \\ \end{align} \right.$ 
 اگر $a=0$ یا $a=1$، در این صورت مجموعۀ $A$ یک‌عضوی می‌شود. پس $a$ باید $-1$ باشد. زیرا: 
 $a=-1\ ,\ {{a}^{2}}=+1\ ,\ {{a}^{3}}=-1\ ,\ {{a}^{4}}=+1$ 
 $\Rightarrow A=\{-1\ ,\ 1\}$ 
 $a+1=(-1)+1=0$"
20087,فروشنده به علی 2000 گرم پرتقال داد. علی ...... کیلوگرم پرتقال خریده است.,2000,2,200,20,2.0,دبستان 1,سوم دبستان,نسبتا دشوار,False,,علوم تجربی سوم دبستان,30.0,13.0,40.0,13.0,5.0,1395,علوم تجربی دوره اول ابتدایی,هر کیلوگرم 1000 گرم است. پس 2000 گرم میوه یعنی 2 کیلوگرم میوه.
3396,تجزیه شده عبارت ${{x}^{4}}-3{{x}^{2}}-4$ کدام است؟,$(x-1)(x+1)(x-2)(x+2)$,$({{x}^{2}}+1)({{x}^{2}}+4)$,$({{x}^{2}}+4)(x-1)(x+1)$,$({{x}^{2}}+1)(x-2)(x+2)$,4.0,متوسطه 1,نهم,متوسط,False,,ریاضی نهم,38.0,7.0,5.0,10.0,40.0,1399,ریاضی دوره اول متوسطه,"طبق اتحاد یک جمله مشترک و مزدوج داریم: 
 ${{x}^{4}}-3{{x}^{2}}-4=({{x}^{2}}-4)({{x}^{2}}+1)=(x-2)(x+2)({{x}^{2}}+1)$"
14326,"هر یک از موارد زیر به‌ترتیب در مورد کدام دسته از کشورها درست است؟ 
 الف) ساختار اقتصادی و اجتماعی آنها دچار تغییر و تحولات صنعتی و فناورانه شده است. 
 ب) از نظر توسعه‌ صنعتی و فناوری‌های نوین در سطح پایین‌تری قرار دارند. 
 پ) چین جز این دسته از کشورها می‌باشد. 
 ت) کانون‌های سلطه اقتصادی بر جهان است.",نیمه پیرامون _ پیرامون _ نیمه پیرامون _ مرکز,پیرامون _ نیمه پیرامون _ مرکز _ پیرامون,نیمه پیرامون _ مرکز _ پیرامون _ مرکز,پیرامون _ مرکز _ نیمه پیرامون _ پیرامون,1.0,متوسطه 2,یازدهم انسانى,متوسط,False,,جغرافیا 2 يازدهم,35.0,51.0,6.0,5.0,4.0,1400,جغرافیا دوره دوم متوسطه,"گزینه «1» 
 الف) ساختار اقتصادی و اجتماعی کشورهای نیمه‌پیرامون دچار تغییر و تحولات صنعتی و فناورانه شده است. 
 ب) کشورهای پیرامون از نظر توسعه صنعتی و فناوری‌های نوین در سطح پایین‌تری قرار دارند. 
 پ) چین جزء کشورهای نیمه‌پیرامون است. 
 ت) منظور از مرکز ، کانون‌های سلطه‌ اقتصادی بر جهان است."
4730,"با کمک ارقام $1,1,1,2,3,4$ چند عدد 6 رقمی می‌توان ساخت به‌طوری که دقیقاً دو رقم 1 کنار هم باشند؟",36,72,48,96,2.0,متوسطه 2,دوازدهم رياضي,دشوار,False,,ریاضیات گسسته,,,,,,1401,ریاضیات گسسته دوره دوم متوسطه,"گزینة «2» 
 ابتدا ارقام 2و3و4 که با هم $3!=6$ حالت جایگشت دارند را قرار می‌دهیم از 4 فضای خالی در $\bigcirc 2\bigcirc 3\bigcirc 4\bigcirc $ دو فضای خالی را به $\left( \begin{align}  & 4 \\  & 2 \\ \end{align} \right)=6$ حالت انتخاب می‌کنیم و 1 و (1و1) به $2!$ حالت در آن در جایگاه قرار می‌گیرند. 
 $3!\times \left( \begin{align}  & 4 \\  & 2 \\ \end{align} \right)\times 2!=72$"
6888,در جمجمه انسان ایستاده . . .,مخچه در جلوی ساقه‌ی مغز قرار گرفته است.,نخاع شبیه طناب سفید رنگی از بالا به پایین کشیده شده است.,بخش آهیانه‌ی قشر مخ در جلوی بخش گیجگاهی قرار دارد.,بخشی از دستگاه عصبی مرکزی که 12 جفت عصب از آن منشأ می‌گیرد، قرار دارد.,4.0,متوسطه 1,هشتم,دشوار,True,",2,",علوم تجربی هشتم,38.0,10.0,23.0,8.0,21.0,1396,علوم تجربی دوره اول متوسطه,"مغز که 12 جفت عصب از آن منشأ می‌گیرد بخشی از دستگاه عصبی مرکزی است. مغز درون جمجمه قرار دارد. 
 بررسی سایر گزینه‌ها: 
 گزینه‌ی«1»: مخچه در پشت ساقه مغز قرار دارد. 
 گزینه‌ی«2»: نخاع درون ستون مهره‌ها قرار دارد. 
 گزینه‌ی«3»: بخش آهیانه قشر مخ تقریباً بالای بخش گیجگاهی قرار دارد."
6954,کدام گزینه در مورد واکنش‌های سوختن شمع و واکنش گلوکز با اکسیژن در بدن نادرست است؟,هر دو واکنش جزء تغییرات شیمیایی محسوب می‌شوند.,علاوه بر آزاد شدن انرژی از هر دو واکنش می‌توان انتظار فرآورده‌های یکسان داشت.,در اثر دمیدن یکی از فرآورده‌های موجود در هر دو واکنش در آب آهک، مخلوط شیری‌رنگ تولید می‌شود.,در هر دو واکنش از یک کاتالیزگر یکسان استفاده شده است.,4.0,متوسطه 1,هشتم,دشوار,False,,علوم تجربی هشتم,51.0,6.0,12.0,10.0,22.0,1399,علوم تجربی دوره اول متوسطه,"گرما و نور + بخار آب + گاز کربن‌دی‌اکسید $\xrightarrow{گرما}$ گاز اکسیژن + شمع 
 انرژی + بخار آب + گاز کربن‌دی‌اکسید $\xrightarrow{آنزیم}$ گاز اکسیژن + گلوکز 
 هر دو واکنش جزء تغییرات شیمیایی محسوب می‌شوند و فرآورده‌ها در هر دو واکنش یکسان است. در واکنش گلوکز با اکسیژن در بدن، برخلاف واکنش سوختن شمع، آنزیم به‌عنوان کاتالیزگر نقش دارد. در اثر دمیدن گاز کربن‌دی‌اکسید در آب آهک، مخلوط شیری رنگ تولید می‌شود."
15865,مفهوم کنایی کدام بیت با سایر ابیات متفاوت است؟,گنه کرد در بلخ آهنگری / به شوشتر زدند گردن مسگری,چون با یاران خشم کنی جان پدر / بر من ریزی تو خشم یاران دگر,صد بار ز من شنیده بودی کم و بیش / کایزد همه را هر چه کنند آرد پیش,فغان‌ که رنجش جانان بدان مقام کشید / که هر که کرد گنه از من انتقام کشید,3.0,دبستان 2,ششم دبستان,متوسط,False,,هوش کلامی و ادبی,40.0,8.0,8.0,36.0,9.0,1399,هوش کلامی و ادبی دوره دوم ابتدایی,"گزینه «3» 
 مفهوم گزینه «3»: از ماست که بر ماست 
 مفهوم مشترک سایر گزینه‌ها: مجازات کسی به خاطر گناه دیگری"
16290,"هر یک از توضیحات زیر، مربوط به کدام شاعر است؟ 
 الف) ادامه‌دهندۀ راه کسایی در سرودن قصاید تمام و کمال در موضوع موعظه و نصیحت 
 ب) پایه‌گذار شعر پارسی 
 پ) به اوج رسانندۀ شعر حماسی ایران 
 ت) استحکام‌دهندۀ شعر غنایی",شهید بلخی _ فردوسی _ عنصری _ رودکی,ناصرخسرو _ فردوسی _ رودکی _ شهید بلخی,شهید بلخی _ رودکی _ فردوسی _ رودکی,ناصرخسرو _ رودکی _ فردوسی _ شهید بلخی,4.0,متوسطه 2,دهم انسانى,ساده,False,,علوم و فنون ادبی 1 دهم انسانی,39.0,2.0,4.0,11.0,45.0,1398,زبان و ادبیات فارسی دوره دوم متوسطه,"الف) کسایی مروزی، قصیدۀ تمام و کمال در موضوع موعظه و نصیحت سرود و ناصرخسرو شیوۀ او را ادامه داد. 
 ب) شعر پارسی به دست رودکی بنیاد نهاده شد؛ به همین سبب او را «پدر شعر فارسی» نام نهاده‌اند. 
 پ) حماسۀ ملی ایران و شعر حماسی با فردوسی به اوج رسید. 
 ت) شعر غنایی با دو شاعر مشهور، رودکی و شهید بلخی، قوت و استحکام یافت."
6914,افزایش قند خون . . . کاهش آن، می‌تواند باعث تحریک غده‌ی . . . برای ترشح هورمون شود.,همانند - پاراتیروئید,برخلاف – پاراتیروئید,همانند - پانکراس,برخلاف – پانکراس,3.0,متوسطه 1,هشتم,نسبتا ساده,False,,علوم تجربی هشتم,11.0,7.0,7.0,60.0,16.0,1394,علوم تجربی دوره اول متوسطه,افزایش قند خون باعث تحریک ترشح انسولین و کاهش قند خون باعث تحریک ترشح گلوکاگون از پانکراس می‌شود.
13557,کدام یک از گزینه‌های زیر، در مورد پارمنیدس صحیح نیست ؟,بنا به نقل افلاطون، سقراط در زمان جوانی با پارمنیدس ملاقات داشته است.,توجه دقیق به مفهوم بودن و شدن و ذکر تفاوت این دو اولین بار توسط وی مطرح شد.,برخلاف هراکلیتوس، معتقد بود که هستی یک امر واحد و ثابت است و نمی‌توان گفت هستی، نیست.,به نظر وی، حواس فقط مرتبة ظاهری جهان و هستی را نشان می‌دهد که نشان‌دهندة امور مختلف و متغیر است.,3.0,متوسطه 2,یازدهم انسانى,متوسط,False,,فلسفه يازدهم,36.0,11.0,10.0,33.0,10.0,1400,فلسفه دوره دوم متوسطه,"گزينة «3» 
 پارمنیدس معتقد بود در جهان واقع، نیستی راه ندارد و نمی‌توان گفت: «نیستی، هست.»"
13260,"نقش دستوری گروه‌هایی که در بیت زیر «صفت مبهم» و «صفت اشاره» دارد، به‌ترتیب کدام است؟ 
 «با هر کسی همی به تلطّف حدیث کرد / آن سیّد کریم نکوخلق خوش‌لقا»",متمّم، نهاد,نهاد، مفعول,نهاد، مسند,متمّم، مسند,1.0,متوسطه 1,نهم,متوسط,False,,فارسی نهم,30.0,52.0,8.0,5.0,5.0,1397,زبان و ادبیات فارسی دوره اول متوسطه,"در بیت می‌خوانیم: «آن سیّد کریم نکوخلق خوش‌لقا، با هر کسی همی به تلطّف حدیث کرد.» 
 در گروه «آن سیّد کریم نکوخلق خوش‌لقا» که نهاد است، «آن» صفت اشاره است. در گروه «هر کسی» نیز «هر» صفت مبهم است، گروه پس از «با» آمده است و متمّم است"
4788,"برای رد چه تعداد از گزاره‌های زیر می‌توان از مثال نقض استفاده کرد؟ 
 الف) برای هر $k\in \mathbb{Z}$ ، حداقل یکی از دو عدد به صورت $6k\pm 1$ عددی اول و بزرگ‌تر از 3 است. 
 ب) اگر x و y اعدادی گنگ باشند، ${{x}^{y}}$ همواره گنگ است. 
 پ) برای هر عدد طبیعی n، حاصل ${{2}^{{{2}^{n}}}}+1$ عددی اول است. 
 ت) برای هر عدد طبیعی n بزرگ‌تر از 1، عدد ${{2}^{n}}-1$ عددی اول است.",1,2,3,4,4.0,متوسطه 2,دوازدهم رياضي,دشوار,False,,ریاضیات گسسته,,,,,,1401,ریاضیات گسسته دوره دوم متوسطه,"گزینة  «4» 
 هر چهار مورد نادرست هستند و برای آن‌ها می‌توان از مثال نقض استفاده کرد. 
 عکس گزارة «الف» درست است، به عبارتی اگر عددی اول و بزرگ‌تر از 3 باشد می‌توان آن را به صورت $6k\pm 1$ نوشت ولی $k=20$ مثال نقض مناسبی برای این گزاره است، زیرا $6\times 20+1=121$ و بر 11 بخشپذیر است و $6\times 20-1=119$ و بر 7 و 17 بخشپذیر است و در نتیجه هیچکدام عدد اول نیستند. 
 گزارة «ب»: اگر $y=\sqrt{2},x={{\sqrt{5}}^{\sqrt{2}}}$ باشد، ${{x}^{y}}={{\left( {{\sqrt{5}}^{^{\sqrt{2}}}} \right)}^{\sqrt{2}}}={{\left( \sqrt{5} \right)}^{2}}=5$  عددی گویا است. 
 گزارة «پ»: به ازاء $n=5$، این عدد مرکب و بر 641 بخشپذیر است. 
 گزارة «ت»: به ازاء $n=6$، این عدد برابر ${{2}^{6}}-1=63$ و بر 21 بخشپذیر است."
6298,"کدام گزینه درباره ترکیب با فرمول ساختاری زیر صحیح نیست ؟ 
 $CH_3CH_2\overset{\begin{array}{c}O\\\parallel\end{array}}COCH_2CH_2CH_3$",قدرت اسیدی اسید سازنده آن از استیک اسید بیش‌تر است.,فرمول مولکولی آن ${{C}_{6}}{{H}_{12}}{{O}_{2}}$ بوده و ایزومر ساختاری استر ایجاد کننده طعم آناناس است.,از واکنش یک الکل سه کربنه با یک‌ کربوکسیلیک اسید سه کربنه حاصل می‌شود.,می‌توان آن را از واکنشی تولید نمود که نوعی واکنش جانشینی دوگانه است و در محیط اسیدی سرعت بهتری دارد.,1.0,متوسطه 2,دوازدهم تجربي,متوسط,False,,شیمی 3,62.0,30.0,4.0,3.0,2.0,1397,شیمی دوره دوم متوسطه,"اسید سازنده استر داده شده، پروپانوییک اسید است که قدرت اسیدی آن از استیک اسید کم‌تر است. 
 سایر گزینه‌ها صحیح‌اند. 
 نکته: واکنش کربوکسیلیک‌اسید‌ها با الکل‌ها که به تولید استرها منجر می‌شود، نوعی واکنش جانشینی دوگانه بوده و به کاتالیزگر ${{H}^{+}}$ نیاز دارد."
8439,"در دمای ${{320}^{\circ }}C$، طول سیم اِلمِنت یک بخاری برقی برابر با $1/2\,m$، قطر مقطع آن $2\,mm$، مقاومت‌ ویژه این سیم  برابر با $6/8\times {{10}^{-5}}\,(\Omega \cdot m)$ و ضریب دمایی مقاومت ویژه آن $2\times {{10}^{-3}}\,(\frac{1}{K})$  است. اگر دمای آن $100{}^\circ \,C$  افزایش یابد، مقاومت الکتریکی‌اش به چند اهم می‌رسد؟ $(\pi =3)$",$32/64$,$23/46$,$28/72$,$34/72$,1.0,متوسطه 2,یازدهم رياضي,نسبتا دشوار,False,,فیزیک 2 يازدهم رياضي,71.0,24.0,2.0,2.0,1.0,1396,فیزیک دوره دوم متوسطه,"ابتدا از رابطۀ $R=\rho \frac{L}{A}$ ،  مقاومت الکتریکی این سیم را در دمای $320{}^\circ C$ محاسبه می‌کنیم: 
 $A=\pi \frac{{{D}^{2}}}{4}=3\times \frac{{{2}^{2}}}{4}=3\,m{{m}^{2}}=3\times {{10}^{-6}}\,{{m}^{2}}$ 
 $R=\rho \frac{L}{A}=6/8\times {{10}^{-5}}\times \frac{1/2}{3\times {{10}^{-6}}}=27/2\,\Omega $ 
 سپس طبق رابطه دما و مقاومت الکتریکی، می‌توان مقاومت سیم را پس از افزایش دما محاسبه نمود: 
 ${{R}_{2}}={{R}_{1}}\,(1+\alpha \Delta \theta )$ 
 $\Rightarrow {{R}_{2}}=27/2\,\times (1+2\times {{10}^{-3}}\times 100)=27/2\times (1+0/2)=32/64\,\Omega $"
12823,"«وقتی جولاهه‌ای به وزارت رسیده بود. هر روز بامداد برخاستی و کلید برداشتی و در خانه باز کردی و تنها در آن‌جا شدی و ساعتی در آنجا بودی. امیر را خاطر بدان شد تا در آن خانه چیست؟ پس روزی بدان خانه در شد. گودالی دید چنان که جولاهگان را باشد. وزیر گفت این همه دولت که مرا هست همه از امیر است. امیر انگشتری از دست بیرون کرد گفت بگیر و در انگشت کن.» 
 کدام بیت با متن بالا قرابت مفهومی بیش‌تری دارد؟",که ای به دولت ده‌روزه گشته مستظهر / مباش غرّه که از تو بزرگتر دیدم,من آن نیم که برای حطام در بر خلق / بریزد این قدر آبی که هست در رویم,حیات زنده غنیمت شمر که باقی عمر / چو برف بر سر کوه است، روی در نقصان,تو روشن آینه‌ای ز آه دردمند بترس / عزیز من، که اثر می‌کند در آینه آه,1.0,متوسطه 1,هشتم,دشوار,False,,فارسی هشتم,51.0,29.0,8.0,7.0,5.0,1399,زبان و ادبیات فارسی دوره اول متوسطه,"مفهوم متن صورت سؤال و گزینه «۱» غرّ‌ه‌نشدنِ انسان است به آن‌چه روزگار به او داده است. 
 بنابراین گزینه «1»‌ صحیح است."
16276,کدام‌یک از کارهای زیر در مسجد انجام نمی‌گیرد ؟,آشنایی مردم با یکدیگر و خبر گرفتن از احوال همدیگر,مشورت برای حل مشکلات محلّه,فقط برگزاری جشن‌های مربوط به عید نوروز,برگزاری مراسم دعا، عزاداری و عبادت خدا,3.0,دبستان 2,چهارم دبستان,متوسط,False,,مطالعات اجتماعی چهارم دبستان,12.0,8.0,10.0,67.0,4.0,1398,مطالعات اجتماعی دوره دوم ابتدایی,در مسجد جشن‌های مربوط به عید نوروز برگزار نمی‌شود، بلکه جشن‌های مربوط به عیدهای مذهبی (عید غدیر، عید قربان و . . .) برگزار می‌شود.
7527,گروهی از دانش آموزان برای گردش علمی به جنگل رفتند. آنها برای ناهار آتش درست کردند تا کباب تهیه کنند. به نظر شما بهتر است جنس سیخ کباب و دسته‌ی سیخ‌ها به ترتیب چگونه باشد؟ (بهترین گزینه را انتخاب کنید),پلاستیک _ آلومینیوم (نوعی فلز),چوب _ چدن,چدن _ مس,استیل (نوعی فلز) _ پلاستیک,4.0,دبستان 2,چهارم دبستان,متوسط,False,,علوم تجربی چهارم دبستان,5.0,5.0,9.0,11.0,69.0,1400,علوم تجربی دوره دوم ابتدایی,"گزينه‌ي «4» 
 بهتر است جنس سیخ فلزی (استیل (نوعی فلز)، آلومینیوم و ... ) باشد و جنس دسته‌ی سیخ عایق گرما (پلاستیک، چوب و ...) باشد."
10855,سبک نثر کدام جمله شبیه به سبک دوره بیداری نیست ؟,حالا من به تمام برادران مسلمان غیور تریاکی خود اعلام می‌کنم …,در همین حیص و بیص جناب حاجی مَلک‌التجار راه آستارا را به روس‌ها واگذار کرد.,تصور مرگ از خیال به در کن و وهم را بر طبیعت مستولی مگردان.,افسوس که زن‌های ایرانی از نوع انسان مجزّا گشته و جزو بهایم و وحوش هستند.,3.0,متوسطه 2,دوازدهم انساني,متوسط,False,,علوم وفنون ادبی3,61.0,4.0,5.0,23.0,7.0,1397,زبان و ادبیات فارسی دوره دوم متوسطه,"در عبارت سوم کاربرد واژگانی چون «مستولی» می‌تواند راهنمایی باشد بر این که سبک زبانی جمله شبیه به سبک دوره بیداری نیست. هم‌چنین این عبارت از لحاظ فکری به سبک دوره بیداری نزدیک نیست. 
 تشریح سایر گزینه‌ها: 
 گزینه «1»: کاربرد طنز اجتماعی 
 گزینه «2»: استفاده از واژگان عامیانه و توجه به مسائل سیاسی و اجتماعی 
 گزینه «4»: توجه به موضوع حقوق زنان"
10746,کدام گزینه در ارتباط با حکومت جمهوری اسلامی ایران، نادرست است؟,رهبری بر همه‌ی فعّالیّت‌های قوای سه‌گانه نظارت می‌کند.,قوّه‌ی مقنّنه یعنی فقط مجلس شورای اسلامی، قوانین را تصویب می‌کند.,قوّه‌ی مجریه یعنی دولت (رئیس‌جمهوری و وزیران) قوانین را اجرا می‌کند.,قوّه‌ی قضائیه از طریق دادگاه‌ها به اختلافات و شکایت‌ها رسیدگی می‌کند.,2.0,دبستان 2,پنجم دبستان,متوسط,False,,مطالعات اجتماعی پنجم دبستان,6.0,5.0,77.0,8.0,4.0,1394,مطالعات اجتماعی دوره دوم ابتدایی,"گزینه‌ی «2» 
 قوّه‌ی مقنّنه در جمهوری اسلامی ایران دو رکن دارد: 1- مجلس شورای اسلامی 2- شورای نگهبان"
10873,کدام گزینه از جمله موارد مخالفت‌ با عقل در تمدن اسلامی به شمار می‌رود؟,مخالفت مستقیم با عقل به صورت بی‌ارزش دانستن شناخت حاصل از آن,پذیرش همة دانش‌های عقلی به‌جز شناخت‌های حاصل از این ابزار دربارة احکام شرع,پذیرش عقل و دانش عقلی و مخالفت کردن با فلسفه و منطق به خاطر منشأ آن,رد فلسفه و منطق به خاطر تضاد تمامی عقاید ارسطو و افلاطون با تعالیم اسلام,3.0,متوسطه 2,دوازدهم انساني,دشوار,False,,فلسفه 2,53.0,3.0,5.0,23.0,17.0,1402,فلسفه دوره دوم متوسطه,"گزینة «3» 
 با توجه به تعالیم پیامبر و پیشوایان دینی، کمتر کسی در عالم اسلام پیدا شده است که با عقل به‌طور مستقیم و صریح مخالفت ورزد و اصل آن را انکار کند. بنابراین مخالفت‌هایی که با عقل صورت گرفته عموماً از دو طریق بوده است: 1) محدود کردن حیطۀ توانایی‌های عقل. 2) پذیرش عقل و در عین حال، مخالفت‌ با فلسفه و منطق به‌عنوان دستاوردی یونانی و غیراسلامی (تأیید گزینۀ 3). 
 تشریح گزينه‌هاي ديگر: 
 گزينة «1»: در تمدن اسلامی کمتر کسی پیدا شده که عقل را به کلی از ارزش بیندازد و آن را یک‌سره باطل بداند. (در میان عُرَفا مخالفت‌هایی با خودِ عقل دیده می‌شود اما آنان نیز ارزش عقل را تماماً انکار نمی‌کردند و بیشتر منکر توانایی عقل در شناخت معارف الهی بودند.) 
 گزينة «2»: دستۀ اول مخالفان عقل، عقل را در برخی مسائل دین (مثلاً بحث حسن و قبح، وجود و اوصاف خدا و …) ناکارآمد می‌دانستند؛ نه فقط  در بحث احکام شرعی. 
 گزينة « 4»: هیچ‌کس مدعی نیست که تمامی سخنان ارسطو یا افلاطون مخالف تعالیم اسلام است. به هر حال بین هر دو اندیشه‌ مشترکاتی نیز وجود خواهد داشت، ممکن نیست که دو شیوۀ فکری از هر جهت و تمامی جهات با هم مخالف و متضاد باشند."
13646,کدام گزینه در ارتباط با سیاست در فرهنگ جدید غرب نادرست است؟,لیبرالیسم به معنای آزادی انسان از همه ارزش‌های متعالی است که مستقل از او باشد.,نظام سیاسی سکولار غرب به‌ دنبال نفی حاکمیت ارزش‌های الهی و توجیه رفتار خود در قالب دینی بود.,اندیشه سیاسی نوین براساس اصالت بخشیدن به انسان دنیوی، خواست و اراده آدمی را مبدأ قانون‌گذاری می‌دانست.,لیبرالیسم مباح دانستن همه امور در قیاس با خواست انسان است.,2.0,متوسطه 2,یازدهم انسانى,متوسط,False,,جامعه شناسی 2 يازدهم,61.0,5.0,29.0,3.0,2.0,1396,جامعه شناسی دوره دوم متوسطه,نظام سیاسی سکولار غرب نه می‌توانست به‌دنبال حاکمیت ارزش‌های الهی باشد و نه می‌خواست عملکرد یا خطاهای دنیوی خود را توجیه دینی نماید.
18892,به‌ازای کدام مقدار $a$، عبارت $\sqrt{\frac{3a+1}{a}}$ یک عدد گنگ است؟,$\frac{\displaystyle1}{\displaystyle46}$,$-\frac{\displaystyle1}{\displaystyle2}$,$\frac{\displaystyle1}{\displaystyle22}$,$-1$,4.0,متوسطه 1,نهم,متوسط,False,,ریاضی نهم,40.0,8.0,8.0,6.0,39.0,1398,ریاضی دوره اول متوسطه,"گزینه «1»: 
 $\sqrt{\frac{3(\frac{1}{46})+1}{\frac{1}{46}}}=\sqrt{\frac{\frac{3}{46}+1}{\frac{1}{46}}}=\sqrt{\frac{\frac{49}{46}}{\frac{1}{46}}}=\sqrt{49}=7\notin {Q}`$ 
 گزینه «2»: 
 $\sqrt{\frac{3(-\frac{1}{2})+1}{-\frac{1}{2}}}=\sqrt{\frac{\frac{-3}{2}+1}{-\frac{1}{2}}}=\sqrt{\frac{\frac{-3+2}{2}}{-\frac{1}{2}}}=\sqrt{\frac{-\frac{1}{2}}{-\frac{1}{2}}}=\sqrt{1}=1\notin {Q}`$ 
 گزینه «3»: 
 $\sqrt{\frac{3(\frac{1}{22})+1}{\frac{1}{22}}}=\sqrt{\frac{\frac{3}{22}+1}{\frac{1}{22}}}=\sqrt{\frac{\frac{3+22}{22}}{\frac{1}{22}}}=\sqrt{\frac{\frac{25}{22}}{\frac{1}{22}}}=\sqrt{25}=5\notin {Q}`$ 
 گزینه «4»: 
 $\sqrt{\frac{3(-1)+1}{(-1)}}=\sqrt{\frac{-3+1}{(-1)}}=\sqrt{\frac{-2}{-1}}=\sqrt{2}\in {Q}`$"
2334,در یک خانواده با چهار فرزند، با کدام احتمال تعداد فرزندان پسر و دختر برابر است؟,$\frac5{16}$,$\frac1{2}$,$\frac3{8}$,$\frac1{4}$,3.0,متوسطه 2,دهم تجربي,متوسط,False,,ریاضی 1 دهم,44.0,3.0,8.0,34.0,10.0,1399,ریاضی دوره دوم متوسطه,"گزینه  «3» 
 از خانواده‌ای با $2n$ فرزند، در $\begin{pmatrix}2n\\2\end{pmatrix}$ حالت، تعداد فرزندان پسر و دختر برابراند. 
 پس در خانواده 4 فرزندی، در$\begin{pmatrix}4\\2\end{pmatrix}=6$ حالت، تعداد فرزندان پسر و دختر برابرند. 
 تعداد کل حالات برای فرزندان این خانواده نیز، برابر ${{2}^{4}}=16$ است. پس احتمال موردنظر برابر است با: 
 $P=\frac{6}{16}=\frac{3}{8}$"
3425,اگر ساده‌شده عبارت ${{(\frac{{{({{a}^{-3}})}^{2x}}}{{{({{b}^{5x}})}^{-2}}}\times {{(\frac{{{b}^{-2x}}}{{{a}^{4}}})}^{3}})}^{-1}}$ به‌صورت ${{a}^{A}}\times {{b}^{B}}$ باشد، از معادله $A+B=0$، مقدار$x$ کدام است؟,$4$,$-4$,$6$,$-6$,4.0,متوسطه 1,نهم,دشوار,False,,ریاضی نهم,82.0,2.0,3.0,4.0,9.0,1402,ریاضی دوره اول متوسطه,"گزينة «4» 
 ابتدا عبارت را به کمک قوانین اعداد توان‌دار ساده می‌کنیم: 
 ${{(\frac{{{({{a}^{-3}})}^{2x}}}{{{({{b}^{5x}})}^{-2}}}\times {{(\frac{{{b}^{-2x}}}{{{a}^{4}}})}^{3}})}^{-1}}={{(\frac{{{a}^{-6x}}}{{{b}^{-10x}}}\times \frac{{{b}^{-6x}}}{{{a}^{12}}})}^{-1}}$ 
 $={{({{a}^{-6x-12}}\times {{b}^{-6x+10x}})}^{-1}}={{({{a}^{-6x-12}}\times {{b}^{4x}})}^{-1}}$ 
 $={{a}^{6x+12}}\times {{b}^{-4x}}$ 
 حال از برابری ${{a}^{6x+12}}\times {{b}^{-4x}}={{a}^{A}}\times {{b}^{B}}$، مقادیر $A$ و $B$ به‌دست می‌آید: 
 $A=6x+12\ \ ,\ \ B=-4x$ 
 پس داریم: 
 $\begin{align}  & A+B=0\Rightarrow 6x+12-4x=0\Rightarrow 2x+12=0 \\  & \Rightarrow 2x=-12\Rightarrow x=-6 \\ \end{align}$"
16908,کدام بیت فاقد آرایه «تلمیح» و دارای دو «استعاره» است؟,عشق کو تا گرم سازد این دل رنجور را / در حریم سینه افروزد چراغ طور را,فریب خال گندم‌گون او خوردم ندانستم / که خواهد ساختن این نقطه بی‌پرگار عاشق را,نیست ممکن، نکند صحبت نیکان تأثیر / گل به خورشید رسانید سر شبنم را,پا منه بیرون ز حدّ خویش تا بینا شوی / نیست حاجت با عصا در خانه خود کور را,3.0,متوسطه 2,دوازدهم انساني,متوسط,False,,علوم وفنون ادبی3,77.0,4.0,3.0,13.0,1.0,1398,زبان و ادبیات فارسی دوره دوم متوسطه,"بیت گزینه «3» تلمیح ندارد و دارای دو استعاره است: 
 1- گل، سر شبنم را به خورشید رسانید (تشخیص و استعاره). 
 2- سر شبنم (اضافه استعاری و تشخیص)."
12344,"کدام گزینه جاهای خالی را به‌‌درستی تکمیل می‌کند؟ 
 - از نظر ......... ، احساس محرک‌های بیرونی برای بقای موجود زنده حیاتی است. 
 - تحریک هر یک از گیرنده‌های حسی تابع .............. است. 
 - مهم‌ترین عامل کاهش گوش به زنگی ............ است.",تکاملی _ شدت محرک _ خستگی,محیطی _ احساس محرک _ تعداد بسیار عوامل انحرافی,محیطی _ احساس محرک _‌ خستگی,تکاملی _ شدت محرک _ تعداد بسیار عوامل انحرافی,1.0,متوسطه 2,یازدهم انسانى,ساده,False,,روانشناسی يازدهم انسانى,24.0,55.0,4.0,9.0,8.0,1401,روانشناسی دوره دوم متوسطه,"گزینه «1» 
 از نظر تکاملی، احساس محرک‌های بیرونی برای بقای موجود زنده، حیاتی است. 
 تحریک هر یک از گیرنده‌های حسی تابع شدت محرک است. 
 مهم‌ترین عامل کاهش گوش به زنگی، خستگی است."
20197,نوزاد قورباغه و ماهی در چه مواردی شبیه یکدیگر نیستند ؟,داشتن آبشش,داشتن دُم و باله,در آب از تخم خارج شدن,شباهت به مادر,4.0,دبستان 1,سوم دبستان,نسبتا ساده,False,,علوم تجربی سوم دبستان,7.0,6.0,14.0,7.0,66.0,1399,علوم تجربی دوره اول ابتدایی,"گزینه‌ی «4» 
 نوزاد قورباغه و ماهی هر دو دارای آبشش، باله و دم بوده و در آب از تخم خارج می‌شوند، اما نوزاد قورباغه اصلاً شبیه مادرش نیست."
10029,در آیه‌ی شریفه‌ی «اِذ قالَ عيسَى ابنُ مَريَمَ ... وَ مُبَشِّرًا بِرَسولٍ يَأتِي مِن بَعدي اسمُهُ أحمَدُ»، به مردم بشارت چه چیزی داده شده است؟,تولد حضرت عیسی (ع),آمدن حضرت مریم,آمدن حضرت محمد (ص),پیامبری حضرت عیسی (ع),3.0,دبستان 2,پنجم دبستان,دشوار,False,,هدیه های آسمان پنجم دبستان,19.0,12.0,6.0,51.0,12.0,1401,تعلیم و تربیت اسلامی دوره دوم ابتدایی,"گزينه‌ي «3» 
 معنی آیه‌ی صورت سؤال: «عیسی فرزند مریم گفت: ... من به شما بشارت می‌دهم که بعد از من پیامبری خواهد آمد به نام «احمد». 
 در این آیه، آمدن حضرت  محمد (ص) بشارت داده شده است."
11746,همۀ عبارت‌ها، مفهوم نادرستی از «نقش شهر» را بیان می‌کنند، به‌جز :,سیمای سکونتگاه‌های سیاسی و اداری، همانند یکدیگرند.,نقش سکونتگاه‌ها، در طول زمان تغییرات کمتری دارد.,نقش هر سکونتگاه براساس وضعیت طبیعی آن تعیین می‌شود.,اغلب سکونتگاه‌ها، چند نقش دارند و یکی از آن‌ها را ایفا می‌کنند.,1.0,متوسطه 2,دهم تجربي,متوسط,False,,جغرافیای ایران,,,,,,1398,جغرافیا دوره دوم متوسطه,"گزینه 3 
 نقش سکونتگاه‌‌ها در چهره و سیمای آن‌ها منعکس می‌شود. شهر تهران به‌دلیل پایتخت‌بودن، استقرار وزارتخانه‌ها، سفارتخانه‌ها و مراکز بزرگ اداری، دارای نقش سیاسی‌اداری است. 
 تشریح سایر گزینه‌ها: 
 گزینۀ 2: نقش سکونتگاه در طول زمان تغییر می‌کند یا تکامل و توسعه می‌یابد. 
 گزینۀ 3: نقش هر سکونتگاه بر اساس وضع جغرافیایی آن، اعم از انسانی یا طبیعی تعیین می‌شود. 
 گزینۀ 4: اغلب سکونتگاه‌ها چند نقش دارد و این نقش‌ها را با هم ایفا می‌کنند."
1807,مصرف شیر در کودکان نه‌تنها به رشد کافی استخوان و دندان کمک می‌کند . . . در بزرگسالی نیز از پوکی استخوان جلوگیری می‌کند.,زیرا,که,ولی,هرچند,2.0,متوسطه 1,نهم,متوسط,False,,استعداد تحلیلی,21.0,11.0,45.0,7.0,16.0,1402,استعداد تحلیلی دوره اول متوسطه,"گزينة «2» 
 واضح است که «که» به معنای «بلکه» در متن اضافه می‌شود و آن را کامل می‌کند."
14710,به  ترتیب «تبیین نظام مشروطه با استفاده از فقه تشیع» و «طرح مسئلۀ ولایت» از اقدامات کیست؟,میرزای نائینی ـ امام خمینی,علامه طباطبایی ـ امام خمینی,علامه طباطبایی ـ میرزای نائینی,میرزای نائینی ـ آیت‌ الله مطهری,1.0,متوسطه 2,دوازدهم انساني,نسبتا ساده,False,,جامعه شناسی 3,44.0,49.0,4.0,1.0,2.0,1398,جامعه شناسی دوره دوم متوسطه,در آغاز قرن بیستم، میرزای نائینی با توجه به واقعیت‌ های اجتماعی ایران با استفاده از فقه، نظام مشروطه را تبیین کرد و امام خمینی(ره) با توجه به شرایط اجتماعی پایان قرن بیستم، مسئلۀ ولایت فقیه و انقلاب اسلامی را طرح نمود.
5502,"در رابطه با بیماری هموفیلی، کدام عبارت، جمله زیر را به درستی تکمیل می‌کند؟ 
 «در صورتی که ...............، ممکن نیست ...............»",فقط پدر، بیماری هموفیلی را داشته باشد _ دختری هموفیل داشته باشد که همة فرزندان دختری آن، سالم باشند.,والدین، عامل انعقادی 8 را داشته باشند _ دختری داشته باشند که در فرایند لخته‌شدن دچار اختلال شود.,مادر ناقل بیماری هموفیلی باشد _ فرزند پسری داشته باشد که می‌تواند گامتی با دگرة سالم را تولید کند.,والدین، مبتلا به این بیماری باشند _ فرزند سالم با یک دگرة بیماری در یاخته‌هایش داشته باشند.,4.0,متوسطه 2,دوازدهم تجربي,متوسط,True,",2,",زیست شناسی3,42.0,8.0,18.0,8.0,25.0,1401,زیست شناسی دوره دوم متوسطه,"گزینه «4» 
 در صورتی که پدر و مادر هر دو بیماری هموفیلی را داشته باشند، پدر به صورت${{X}^{h}}Y$ و مادر به صورت${{X}^{h}}{{X}^{h}}$ می‌باشد. این پدر و مادر نمی‌توانند فرزند سالم داشته باشند. بررسی سایر گزینه‌ها: 
 گزینة «1»: در صورتی که دختر بیمار باشد، به صورت${{X}^{h}}{{X}^{h}}$ است و اگر همسرش به صورت${{X}^{H}}Y$ باشد، همة فرزندان دخترش سالم هستند. 
 گزینة «2»: شایع‌ترین نوع هموفیلی، فقدان عامل انعقادی شمارة 8 است. ممکن است فرد در اثر کمبود ویتامین $K$ یا $C{{a}^{2+}}$، در فرایند لخته‌شدن دچار اختلال شود. 
 گزینة «3»: در صورتی که ژن‌نمود مادر به صورت${{X}^{H}}{{X}^{h}}$ باشد، ناقل بیماری است. در صورتی که گامت فرزند پسر (حتی بیمار)، دارای کروموزوم$Y$ باشد، دگرة بیماری هموفیلی را ندارد."
4688,کدام عدد در $\square$ قرار می‌گیرد؟                                             $\frac3{10}+\frac2{10}=\frac25+\square$,$\frac15$,$\frac3{10}$,$\frac23$,$\frac1{10}$,4.0,دبستان 2,چهارم دبستان,متوسط,False,,ریاضی چهارم دبستان,18.0,16.0,12.0,2.0,52.0,1399,ریاضی دوره دوم ابتدایی,$\begin{array}{l}\frac3{10}+\frac2{10}=\frac25+\square\\\frac5{10}=\frac25+\square\rightarrow\frac25=\frac4{10}+\square\\\frac5{10}-\frac4{10}=\frac1{10}=\square=\frac1{10}\end{array}$
3328,اگر$a=3$ و$b=-5$ باشد، آنگاه حاصل$\frac{|-|a|+|-b||}{-|a+b|}$ کدام است؟,-1,1,$+\frac{3}{5}$,-4,1.0,متوسطه 1,نهم,متوسط,True,",4,",ریاضی نهم,36.0,33.0,12.0,1.0,18.0,1397,ریاضی دوره اول متوسطه,"$\frac{\left|-\vert a\vert+\vert-b\vert\right|}{-\vert a+b\vert}=\frac{\left|-\vert3\vert+\vert-(-5)\vert\right|}{-\vert3+(-5)\vert}=\frac{\vert-3+5\vert}{-\vert3-5\vert}$ 
 $=\frac{+2}{-(+2)}=-1$"
9243,معادله خط هادی سهمی $3{{y}^{2}}-4x+6y+5=0$ کدام است؟,$x=-\frac{1}{2}$,$x=\frac{1}{6}$,$x=\frac{5}{6}$,$x=\frac{3}{2}$,2.0,متوسطه 2,دوازدهم رياضي,متوسط,False,,هندسه3,46.0,10.0,23.0,13.0,8.0,1401,هندسه دوره دوم متوسطه,"گزینة  «2» 
 معادلة سهمی را به فرم متعارف تبدیل می‌کنیم: 
 $3{{y}^{2}}-4x+6y+5=0\Rightarrow 3{{y}^{2}}+6y+3=4x-2$ 
 $\Rightarrow 3{{(y+1)}^{2}}=4(x-\frac{1}{2})\Rightarrow {{(y+1)}^{2}}=\frac{4}{3}(x-\frac{1}{2})$ 
 نقطة $A(\frac{1}{2},-1)$ رأس سهمی است و سهمی رو به راست باز می‌شود، بنابراین داریم: 
 $4a=\frac{4}{3}\Rightarrow a=\frac{1}{3}$ 
 $:x=-a+h=-\frac{1}{3}+\frac{1}{2}\Rightarrow x=\frac{1}{6}$ معادلة خط هادی"
3415,اعداد 1 تا 9 را روی نه کارت جداگانه نوشته و در جعبه‌ای قرار داده‌ایم. یک کارت از جعبه برمی‌داریم و پس از یادداشت شماره‌ی آن در جایگاه رقم دهگان یک عدد دورقمی، مجدداً آن‌ را در جعبه می‌گذاریم. حال به طور اتفاقی یک کارت دیگر نیز انتخاب می‌کنیم و عدد آن ‌را در جایگاه رقم یکان می‌نویسیم. چه میزان احتمال دارد این عدد دورقمی، بر 5 بخش‌پذیر باشد؟,$0/10$,$0/09$,$\frac{1}{9}$,$\frac{1}{5}$,3.0,متوسطه 1,نهم,متوسط,False,,ریاضی نهم,40.0,4.0,4.0,46.0,6.0,1395,ریاضی دوره اول متوسطه,رقم دهگان برای ما مهم نیست. حالت مطلوب این است که رقم یکان صفر یا پنج باشد تا عدد دورقمی حاصل، بر 5 بخش‌پذیر باشد. در بین نُه کارت یادشده، عدد 5 نیز هست. پس احتمال مطلوب $\frac{1}{9}$ است.
1087,"با توجه به مطالب کتاب درسی، کدام مورد، برای تکمیل عبارت زیر مناسب است؟ 
 « در پی تغییر محیط کشت باکتری اشرشیاکای، از محیطی که تنها قند آن ..... است به محیطی که تنها قند آن .......... است و به منظور تنظیم بیان ژن در این باکتری ..............»",لاکتوز – گلوکز – محتوای آنزیمی یاخته، به واسطه فعالیت نوع دیگری رنابسپارزا عوض می‌شود.,گلوکز – لاکتوز – مهارکننده نوعی توالی نوکلئوتیدی اتصال می‌یابد.,مالتوز – لاکتوز – فعال‌کننده از دو نوع پروتئین جدا می‌شود.,لاکتوز – مالتوز – نوعی پروتئین به رنابسپارزا متصل می‌شود.,4.0,متوسطه 2,دوازدهم تجربي,متوسط,False,,زیست شناسی3,,,,,,1401,زیست شناسی دوره دوم متوسطه,"گزینه 4 
 بررسی گزینه 4: دقت کنید  در تنظیم مثبت به منظور ساخت رنای سازنده آنزیم‌های تجزیه کننده مالتوز ابتدا باید پروتئین فعال کننده متصل شده و باعث اتصال آن به جایگاه اتصالش شود. سپس آنزیم پلی مراز به راه انداز و پروتئین فعال کننده متصل شده و رونویسی را آغاز می‌کند. (البته کاش گزینه بهتری مطرح می‌کرد.) 
 بررسی سایر موارد: 
 1: استفاده از لفظ انواع آنزیم رنابسپارزا برای باکتری نادرست است. 
 2: دقت کنید  در صورت وجود لاکتوز مهارکننده از توالی نوکلوتیدی جدا می‌شود نه اینکه به آن متصل شود . 
 3: فعال کننده از رنابسپارزا جدا می‌شه. دیگه پروتئین دیگه‌ای نداریم."
10404,مثال مطرح‌شده در کدام گزینه به تعارض اجتناب - اجتناب اشاره دارد؟,فردی که به ازدواج تمایل زیادی دارد، اما از مسئولیت ناشی از آن می‌ترسد.,دانشجویی که به علت دوری از خانواده، برای ادامه تحصیل به خارج از کشور مهاجرت نمی‌کند.,فردی که بین دو رشته مطلوب، مجبور به انتخاب یک رشته برای تحصیل در دانشگاه است.,بیماری که در عین رنجش از درد بیماری، از مداوا نیز می‌هراسد.,4.0,متوسطه 2,یازدهم انسانى,ساده,False,,روانشناسی يازدهم انسانى,28.0,1.0,4.0,2.0,66.0,1398,روانشناسی دوره دوم متوسطه,"گزینه «1»: تعارض گرایش- اجتناب 
 گزینه «2»: تعارض گرایش- اجتناب 
 گزینه «3»: تعارض گرایش- گرایش 
 گزینه «4»: تعارض اجتناب- اجتناب"
19230,کدام یک از گزینه‌‌های زیر صحیح نیست ؟,$\sqrt{2/5}\in (R-N)$,$N\subseteq (Z\bigcap Q)$,$Z\subseteq (R-{Q}`)$,$(Z-W)\subseteq N$,4.0,متوسطه 2,دهم تجربي,ساده,False,,ریاضی 1 دهم,9.0,6.0,3.0,3.0,79.0,1399,ریاضی دوره دوم متوسطه,"گزینه «4» 
 $Z-W=\{-1,-2,-3,...\}$ 
 بنابراین $Z-W\not{\subseteq }N$"
8396,سیمی به طول $628cm$ را به‌صورت پیچه‌ای مسطح به شعاع $5cm$ در می‌آوریم و از آن جریان الکتریکی $10A$ را عبور می‌دهیم. بزرگی میدان مغناطیسی در مرکز پیچه چند گاوس است؟ $({{\mu }_{0}}=4\pi \times {{10}^{-7}}\frac{T.m}{A})$,$25/12\times {{10}^{-4}}$,$12/56\times {{10}^{-4}}$,$25/12$,$12/56$,3.0,متوسطه 2,یازدهم رياضي,دشوار,False,,فیزیک 2 يازدهم رياضي,79.0,4.0,2.0,12.0,2.0,1397,فیزیک دوره دوم متوسطه,"تعداد دور پیچه را محاسبه می‌کنیم. داریم: 
 دور $N=\frac{L}{2\pi r}=\frac{628}{2\pi \times 5}\Rightarrow N=\frac{628}{10\pi }$ 
 سپس به کمک رابطه بزرگی میدان مغناطیسی در مرکز پیچه مسطح، خواهیم داشت: 
 $B=\frac{{{\mu }_{0}}NI}{2r}=\frac{4\pi \times {{10}^{-7}}\times \frac{628}{10\pi }\times 10}{2\times 5\times {{10}^{-2}}}=25/12\times {{10}^{-4}}T=25/12G$"
9405,"اختلاف جملات پنجم و ششم الگوی زیر در کدام گزینه به درستی آمده است؟ 
 $0\,\,,\,\,1\,\,,\,\,4\,\,,\,\,9\,\,,\,\,...\,\,\,,\,\,...$",25,9,16,7,2.0,دبستان 2,ششم دبستان,متوسط,False,,هوش ریاضی و منطقی,41.0,9.0,30.0,13.0,7.0,1398,هوش ریاضی و منطقی دوره دوم ابتدایی,"$:\,0\,=\,0\times 0$ جمله‌ی اوّل 
 $:\,1=\,1\times 1$ جمله‌ی دوم 
 $:\,4\,=\,2\times 2$ جمله‌ی سوم 
 $:\,9\,=\,3\times 3$ جمله‌ی چهارم 
 $:\,16=\,4\times 4$ جمله‌ی پنجم 
 $:\,25=\,5\times 5$ جمله‌ی ششم 
 اختلاف جملات پنجم و ششم الگو: $25-16=9$"
18560,"اگر بازه ($2-x$ $,$ $1-4x$) یک همسایگی برای 1/4 و 1/8 باشد، محدوده x کدام است؟","(0/6 , 0/2-)","(0/2 , 0/6-)","(0/2 , 0/1-)","(0/1 , 0/2-)",3.0,متوسطه 2,یازدهم رياضي,متوسط,False,,حسابان(1) يازدهم,53.0,11.0,3.0,30.0,4.0,1397,حسابان دوره دوم متوسطه,"باید دو عدد 1/4 و 1/8 در بازه باشند، پس: 
 $\left. \begin{align} 
  & 1-4x<1/4\Rightarrow 4x>-0/4\Rightarrow x>-0/1 \\ 
 & 2-x>1/8\Rightarrow x<0/2 \\ 
\end{align} \right\}\xrightarrow{\bigcap }-0/1<x<0/2$"
10989,رابطه مثنوی با نظم، مثل رابطه . . . است.,میز با چوب,پلاتی‌پوس با پستانداران,توپ با فوتبالیست,فرزند با مادر,2.0,دبستان 2,ششم دبستان,دشوار,True,",1,",هوش کلامی و ادبی,25.0,23.0,27.0,12.0,13.0,1399,هوش کلامی و ادبی دوره دوم ابتدایی,"گزینه «2» 
 مثنوی عضوی از مجموعه شعر و اشعار است. هم‌چنین پلاتی‌پوس (نوک اردکی) عضوی از مجموعه پستانداران است."
2862,صدف یک کتاب داستان 275 صفحه‌ای از کتاب‌خانه‌ی مدرسه به امانت گرفته است. او روز اوّل 34 صفحه و روز دوم 62 صفحه از آن را خواند. چند صفحه‌ی دیگر از کتابش باقی مانده است؟,179 صفحه,371 صفحه,28 صفحه,96 صفحه,1.0,دبستان 1,دوم دبستان,ساده,False,,ریاضی دوم دبستان,2.0,96.0,1.0,1.0,1.0,1399,ریاضی دوره اول ابتدایی,"گزینه‌ی«1» 
 96 صفحه از کتاب را خوانده است.   96 = 62 + 34 
 $\begin{array}{l}\overset1{\not2}\overset{\overset{16}{\not6}}{\not7}\overset{15}{\not5}\\\frac{-9\;6}{179}\begin{array}{cc}&\\\leftarrow&\text{تعداد صفحات باقی مانده}\end{array}\end{array}$"
8079,یکای انرژی جنبشی در SI . . . است و یکای آن بر حسب یکاهای اصلی به‌صورت . . . بیان می‌شود.,نیوتون- $g.{m^2}$,ژول- $\frac{{g.m}}{{{s^2}}}$,ژول- $\frac{{kg.{m^2}}}{{{s^2}}}$,نیوتون- $\frac{m}{{kg}}$,3.0,متوسطه 2,دهم رياضى,ساده,False,,فیزیک 1  دهم ریاضی,49.0,2.0,5.0,39.0,4.0,1395,فیزیک دوره دوم متوسطه,نام یکای انرژی جنبشی در SI ژول است و یکای آن بر حسب یکاهای اصلی، به‌صورت  $\frac{{kg.{m^2}}}{{{s^2}}}$ بیان می‌شود.
8182,دو کره فلزی مشابه دارای بارهای الکتریکی ${{q}_{1}}=+5\mu C$ و ${{q}_{2}}=+15\mu C$، در فاصله $r$ نیروی $F$ را بر یکدیگر وارد می‌کنند. اگر این دو کره را در یک لحظه با یکدیگر تماس دهیم، به‌طوری که فقط بین دو کره مبادله بار صورت گیرد و مجدداً به همان فاصله قبلی برگردانیم، نیروی دافعه بین دو کره تقریباً چگونه تغییر می‌کند؟,$25$ درصد افزایش می‌یابد.,$25$ درصد کاهش می‌یابد.,$33$ درصد کاهش می‌یابد.,$33$ درصد افزایش می‌یابد.,4.0,متوسطه 2,یازدهم تجربي,ساده,False,,فیزیک 2 يازدهم تجربي,41.0,13.0,5.0,4.0,37.0,1399,فیزیک دوره دوم متوسطه,"گزینه «4» 
 با توجه به مشابه بودن دو کره، پس از تماس آنها با یکدیگر، بار الکتریکی هر یک از آن‌ها برابر با$\frac{{{q}_{1}}+{{q}_{2}}}{2}$ است و داریم: 
 ${{{q}`}_{1}}={{{q}`}_{2}}=\frac{{{q}_{1}}+{{q}_{2}}}{2}=\frac{5+15}{2}=10\mu C$ 
 $F=k\frac{|{{q}_{1}}||{{q}_{2}}|}{{{r}^{2}}}\Rightarrow \frac{{{F}`}}{F}=\frac{|{{{{q}`}}_{1}}||{{{{q}`}}_{2}}|}{|{{q}_{1}}||{{q}_{2}}|}\times {{(\frac{r}{{{r}`}})}^{2}}$ 
 $\Rightarrow \frac{{{F}`}}{F}=\frac{10\times 10}{5\times 15}\times 1=\frac{100}{75}=\frac{4}{3}=1/33=\frac{133}{100}$ 
 بنابراین اندازه نیروی دافعه بین دو بار تقریباً $33$ درصد افزایش می‌یابد."
6797,کدام گزینه از موارد ایمنی که ساکنان مناطق آتش‌فشانی باید رعایت کنند، نیست ؟,آماده‌ی تخلیه‌ی سریع محل باشند.,به مکان های امن پناه ببرند.,از پوشیدن لباس‌های عایق و زدن ماسک بپرهیزند.,از جاهای گود هنگام فوران مواد مذاب فاصله بگیرند.,3.0,دبستان 2,ششم دبستان,نسبتا ساده,False,,علوم تجربی ششم دبستان,,,,,,1399,علوم تجربی دوره دوم ابتدایی,هنگام وقوع آتش‌فشان توصیه می‌شود که لباس‌های عایق و بلند پوشیده شود و از ماسک استفاده شود تا از تماس مواد خارج شده از دهانه مانند خاکستر آتش‌فشان با پوست بدن و همچنین ورود آن‌ها به داخل ریه‌ها خودداری شود.
3353,"معکوس حاصل عبارت زیر، همواره کدام است؟ $(a\ne -b\,,\,a.b.c.d\ne \circ )$ 
 $A=\frac{\frac{a+b}{ac}\times \frac{ab}{d}}{\frac{a}{d}\times \frac{a+b}{c}}$",$\frac{b}{a}$,$\frac{a}{b}$,$-\frac{b}{a}$,$\frac{{{a}^{2}}}{{{b}^{2}}}$,2.0,متوسطه 1,نهم,متوسط,False,,ریاضی نهم,44.0,11.0,33.0,4.0,7.0,1395,ریاضی دوره اول متوسطه,$\left. \begin{matrix}   \frac{a+b}{ac}\times \frac{ab}{d}=\frac{ab+{{b}^{2}}}{cd}  \\   \frac{a}{d}\times \frac{a+b}{c}=\frac{{{a}^{2}}+ab}{dc}  \\\end{matrix} \right\}\Rightarrow A=\frac{\frac{ab+{{b}^{2}}}{cd}}{\frac{ab+{{a}^{2}}}{dc}}=\frac{ab+{{b}^{2}}}{ab+{{a}^{2}}}=\frac{b}{a}\Rightarrow \frac{1}{A}=\frac{a}{b}$
6624,"عبارت زیر، ویژگی کدام‌یک از گیاهان زیر می‌تواند باشد؟ 
 «ریشه‌ی این گیاه، افشان است و خود گیاه برگ‌های دراز و باریک دارد.»",گندم,لوبیا,آفتابگردان,هویج,1.0,دبستان 1,سوم دبستان,نسبتا ساده,False,,علوم تجربی سوم دبستان,13.0,65.0,9.0,7.0,6.0,1399,علوم تجربی دوره اول ابتدایی,"گزینه‌ی «1» 
 خصوصیات ذکر شده مربوط به گیاهانی که دارای دانه‌ی یک‌قسمتی هستند، می‌باشد. در بین این گیاهان فقط گندم دارای دانه‌ی یک‌قسمتی است."
341,همه یاخته‌های حاصل از میوز متعلق به سومین و چهارمین حلقه یک گل، کدام ویژگی مشترک را دارند؟,ابتدا به‌طور پی‌درپی چندین تقسیم میتوزی انجام می‌دهند.,در بخشی بزرگ‌تر از مرحله هاپلوئیدی گیاه، رشد و نمو می‌کنند.,از میوز یاخته‌های پارانشیم خورش به‌وجود آمده‌اند.,توسط یاخته‌های هاپلوئیدی احاطه شده‌اند.,2.0,متوسطه 2,یازدهم تجربي,متوسط,False,,زیست 2 يازدهم,,,,,,1397,زیست شناسی دوره دوم متوسطه,"گزینه2 
 یاخته‌های حاصل از میوز متعلق به سومین حلقه گل، گرده‌های نارس و یاخته حاصل از میوز متعلق به چهارمین حلقه گل یاخته هاپلوئیدی ماده است که با تقسیم و رشد خود بخش چند یاخته‌ای به نام کیسه رویانی را به‌وجود می‌آورد. 
 هر دوی این یاخته‌ها در بافت‌های دیپلوئید گیاه باقی مانده و رشد و نمو می‌کنند که بزرگ‌تر از بخش هاپلوئید است. 
 بررسی سایر گزینه‌ها: 
 گزینه «1»: (گرده نارس) تنها یک بار میتوز می‌کند. 
 گزینه «3»: یاخته ماده از میوز یکی از یاخته‌های پارانشیم خورش به‌وجود می‌آید نه گرده نارس. 
 گزینه «4»: یاخته‌های پارانشیم خورش دیپلوئیداند."
9209,شعاع دایره‌های محاطی خارجی یک مثلث به ترتیب 3، 10 و 15 و طول دو ارتفاع از این مثلث 5 و 12 است. طول ارتفاع سوم این مثلث کدام است؟,$\frac{30}{17}$,$\frac{60}{17}$,$\frac{30}{13}$,$\frac{60}{13}$,4.0,متوسطه 2,یازدهم رياضي,دشوار,False,,هندسه 2 يازدهم,88.0,1.0,2.0,4.0,6.0,1401,هندسه دوره دوم متوسطه,"گزینة  «4» 
 اگر ${{r}_{a}}$ ، ${{r}_{b}}$ و ${{r}_{c}}$ شعاع‌های دایره‌های محاطی خارجی و ${{h}_{a}}$ ، ${{h}_{b}}$ و ${{h}_{c}}$ طول ارتفاع‌های یک مثلث باشند که شعاع دایرة محاطی داخلی آن r است، آن‌گاه روابط زیر همواره برقرار است: 
 $\left\{ \begin{align}  & \frac{1}{{{r}_{a}}}+\frac{1}{{{r}_{b}}}+\frac{1}{{{r}_{c}}}=\frac{1}{r} \\  & \frac{1}{{{h}_{a}}}+\frac{1}{{{h}_{b}}}+\frac{1}{{{h}_{c}}}=\frac{1}{r} \\ \end{align} \right.$ 
 بنابراین با فرض مجهول بودن ${{h}_{c}}$ داریم: 
 $\frac{1}{{{r}_{a}}}+\frac{1}{{{r}_{b}}}+\frac{1}{{{r}_{c}}}=\frac{1}{{{h}_{a}}}+\frac{1}{{{h}_{b}}}+\frac{1}{{{h}_{c}}}$ 
 $\Rightarrow \frac{1}{3}+\frac{1}{10}+\frac{1}{15}=\frac{1}{12}+\frac{1}{5}+\frac{1}{{{h}_{c}}}$ 
 $\Rightarrow \frac{10+3+2}{30}=\frac{5+12}{60}+\frac{1}{{{h}_{c}}}\Rightarrow \frac{1}{{{h}_{c}}}=\frac{1}{2}-\frac{17}{60}=\frac{13}{60}\Rightarrow {{h}_{c}}=\frac{60}{13}$"
2856,در کدام‌یک از عددهای دو رقمی زیر، رقم دهگان، 3 تا بیش‌تر از رقم یکان است؟,47,52,82,51,2.0,دبستان 1,دوم دبستان,متوسط,False,,ریاضی دوم دبستان,9.0,20.0,54.0,11.0,6.0,1394,ریاضی دوره اول ابتدایی,"گزينه‌ي«2» 
 در گزینه‌ی «2»، رقم دهگان برابر 5 و رقم یکان برابر 2 است. بنابراین رقم دهگان 3 تا از رقم یکان بیش‌تر است. بقیّه‌ی گزینه‌ها به صورت زیر است: 
 گزینه‌ی «1»: 47     $\leftarrow$   رقم دهگان 3 تا کم‌تر از رقم یکان است. 
 گزینه‌ی «3»: 82    $\leftarrow$    رقم دهگان 6 تا بیش‌تر از رقم یکان است. 
 گزینه‌ی «4»: 51  $\leftarrow$      رقم دهگان 4 تا بیش‌تر از رقم یکان است."
11219,طبق برهان فارابی، کدام‌یک از موارد زیر ضامن متناهی بودن یک زنجیره از علت‌ها و معلول‌ها است؟,اینکه علت بر معلول خود تقدم وجودی دارد.,حتمی بودن شرط وجود علت برای وجود معلول و برعکس.,وجود یک سرسلسله در زنجیره که وجودش بلاشرط است.,وجود علت و معلول‌ها به یکدیگر مشروط نباشد.,3.0,متوسطه 2,دوازدهم انساني,دشوار,True,",1,",فلسفه 2,69.0,8.0,3.0,17.0,2.0,1398,فلسفه دوره دوم متوسطه,برای اینکه زنجیره موجود شود، به ناچار باید موجودی که خود، معلول دیگری نباشد (یعنی وجود نامشروط داشته باشد)، در رأس آن قرار گیرد. بنابراین، یک زنجیره علل و معلول‌ها قطعاً باید به یک عله‌العلل ختم شود که در این صورت نامتناهی نخواهد بود.
17624,"ابیات زیر را به بهترین و منطقی‌ترین ترتیب می‌چینیم. بیت پایانی کدام است؟ 
 الف) شبی مست شد و آتشی برفروخت / نگون‌بخت کالیوه، خرمن بسوخت 
 ب) نخواهی که باشی چنین تیره‌روز / به دیوانگی خرمن خود مسوز 
 ج) چو سرگشته دیدند درویش را / یکی گفت پرورده خویش را 
 د) یکی غلّه مرداد مه توده کرد / ز تیمار دی خاطر آسوده کرد 
 ه_) دگر روز در خوشه‌چینی نشست / که یک جو ز خرمن نماندش به دست",الف,ب,د,ه‍,2.0,متوسطه 1,نهم,دشوار,False,,استعداد تحلیلی,56.0,4.0,24.0,7.0,9.0,1402,استعداد تحلیلی دوره اول متوسطه,"گزينة «2» 
 در ابیات صورت سؤال، شاعر می‌گوید شخصی غلّات خود را انبار کرده ولی شبی مست شده و آتشی برافروخته و هر چه را داشته سوزانده، بنابراین از فردای آن روز به خوشه‌چینی روی آورده است. با این اتّفاقات، شخصی به یکی از شاگردانش گفته است اگر می‌خواهی چنین تیره‌روز نباشی، به دیوانگی خرمن خود را مسوزان."
14009,به‌ترتیب کدام سلسله با فرمان خلفای عباسی به قدرت رسید و کدام‌یک بدون آن‌که از خلفای عباسی اجازه بگیرد، حکومت خود را برپا کرد؟,علویان – صفاریان,طاهریان – سامانیان,سامانیان –  آل‌بویه,آل‌بویه – صفاریان,3.0,متوسطه 1,هشتم,متوسط,False,,مطالعات اجتماعی هشتم,26.0,7.0,10.0,50.0,6.0,1402,مطالعات اجتماعی دوره اول متوسطه,"گزينة «3» 
 طاهریان و سامانیان با فرمان خلفای عباسی به قدرت رسیدند. برخلاف این دو حکومت، بنیانگذاران سلسله‌های صفاریان، علویان و آل‌بویه بدون آن‌که اجازه و فرمانی از خلفای عباسی بگیرند، حکومت خود را برپا کردند."
3421,مثلثی با اضلاع 4، 5 و 8 واحد، با مثلثی به اضلاع . . . متشابه است.,$8$ و $10$ و $18$,$6$، $\frac{15}{2}$ و $4$,) $\frac{3}{2}$، $\frac{15}{8}$ و $3$,$\frac{32}{3}$، $\frac{20}{3}$ و $16$,3.0,متوسطه 1,نهم,نسبتا دشوار,False,,ریاضی نهم,59.0,8.0,4.0,23.0,6.0,1396,ریاضی دوره اول متوسطه,"تنها در گزینه‌ی «3» است که نسبت ثابتی بین سه عدد صورت سؤال و سه عدد گزینه وجود دارد، در باقی گزینه‌‌ها این نسبت نیست: 
 $\frac{4}{\frac{3}{2}}=\frac{5}{\frac{15}{8}}=\frac{8}{3}$"
7886,فرض کنید که در یک دماسنج، نقاط ذوب یخ و جوش آب را در شرایط متعارف 40 و 220 انتخاب کرده باشند. اگر دمای این دماسنج را با ${{\theta }_{F}}$ و دمای دماسنج سلسیوس را با ${{\theta }_{C}}$ نشان دهیم، کدام رابطه ی زیر درست است؟,${{\theta }_{F}}=\frac{9}{5}{{\theta }_{C}}+40$,$\frac{{{\theta }_{F}}-32}{180}=\frac{{{\theta }_{C}}}{100}$,${{\theta }_{F}}=\frac{9}{5}{{\theta }_{C}}-32$,${{\theta }_{F}}=2/2{{\theta }_{C}}+40$,1.0,متوسطه 2,دهم تجربي,متوسط,False,,فیزیک 1  دهم تجربی,68.0,23.0,4.0,4.0,2.0,1396,فیزیک دوره دوم متوسطه,"با استفاده از رابطه‌ی بین دماسنج معلوم $({{\theta }_{C}})$ و دماسنج نامعلوم $({{\theta }_{F}})$ داریم:‌ 
 $\begin{align}  & \frac{{{\theta }_{C}}-{{\theta }_{C1}}}{{{\theta }_{C2}}-{{\theta }_{C1}}}=\frac{{{\theta }_{F}}-{{\theta }_{F1}}}{{{\theta }_{F2}}-{{\theta }_{F1}}}\xrightarrow[{{\theta }_{F1}}=40\,\,\,\,{{\theta }_{F2}}=220]{{{\theta }_{C1}}={{0}^{\circ }}C\,\,\,\,{{\theta }_{C2}}={{100}^{\circ }}C} \\  & \frac{{{\theta }_{C}}-0}{100-0}=\frac{{{\theta }_{F}}-40}{220-40}\Rightarrow \frac{{{\theta }_{C}}}{100}=\frac{{{\theta }_{F}}-40}{180}\Rightarrow  \\  & {{\theta }_{F}}=\frac{9}{5}{{\theta }_{C}}+40 \\ \end{align}$"
6649,کدام جمله درباره‌ی دو آهن‌ربا درست است؟,اگر آهن‌رباها در دو طرف یک کتاب باشند اصلاً به هم نیرو وارد نمی‌کنند.,همیشه هم‌دیگر را دفع می‌کنند.,در فاصله‌های نزدیک، همیشه هم‌دیگر را جذب می‌کنند.,برای وارد کردن نیرو به هم نیازی به تماس با هم ندارند.,4.0,دبستان 1,سوم دبستان,متوسط,False,,علوم تجربی سوم دبستان,22.0,16.0,1.0,13.0,47.0,1399,علوم تجربی دوره اول ابتدایی,"گزینۀ «4» 
 دو آهن‌ربا تا یک فاصله‌ی معین می‌توانند به یک‌دیگر نیروی محسوسی وارد کنند. این نیرو می‌تواند از نوع جاذبه یا دافعه باشد و نیازی به تماس داشتن آن‌ها با هم نیست."
3481,مربع 9 برابر ${{3}^{3}}\times {{2}^{5}}$ برابر کدام است؟,${{6}^{5}}$,${{6}^{4}}$,${{6}^{10}}$,${{3}^{20}}$,3.0,متوسطه 1,هشتم,دشوار,False,,ریاضی هشتم,59.0,7.0,5.0,25.0,5.0,1401,ریاضی دوره اول متوسطه,"گزينة «3» 
 $9\times {{3}^{3}}\times {{2}^{5}}={{3}^{2}}\times {{3}^{3}}\times {{2}^{5}}={{3}^{5}}\times {{2}^{5}}={{(3\times 2)}^{5}}={{6}^{5}}\xrightarrow{\mathsf{\;\;\;مربع\;\;\;}}{{({{6}^{5}})}^{2}}={{6}^{10}}$"
7796,میکروسکوپ‌های الکترونی می‌توانند از یک ماده، تصویری با بزرگنمایی $8\times {{10}^{8}}$ برابر به ما بدهند. اگر در تصویری که این میکروسکوپ ایجاد کرده طول یک ریزذره حدود $2cm$ باشد، طول واقعی آن چند نانومتر است؟,0/25,0/025,$16\times {{10}^{6}}$,$0/25\times {{10}^{-10}}$,2.0,متوسطه 2,دهم تجربي,دشوار,True,",3,",فیزیک 1  دهم تجربی,83.0,2.0,6.0,6.0,3.0,1394,فیزیک دوره دوم متوسطه,"$=\frac{2\times {{10}^{-2}}}{8\times {{10}^{8}}}=0/25\times {{10}^{-10}}m$طول واقعی 
 
 $=0/25\times {{10}^{-1}}\times {{10}^{-9}}m=0/025nm$"
3242,علی ساعت 30: 3 بعدازظهر به قصد رفتن به خانه‌ی مادربزرگش حرکت کرد و ساعت 45: 4 بعداز ظهر رسید. علی چند ساعت در راه بوده است؟,یک ساعت و 25 دقیقه,1/15ساعت,یک ساعت و 5 دقیقه,1/25ساعت,4.0,دبستان 2,ششم دبستان,دشوار,True,",2,",ریاضی ششم دبستان,4.0,3.0,67.0,2.0,23.0,1393,ریاضی دوره دوم ابتدایی,"$\begin{array}{l}\;\;\;4\;:45\\\;\underline{-3:30}\\\;\;\;\;1:15\begin{array}{c}\;.است\end{array}\begin{array}{c}بوده\end{array}\;\begin{array}{c}راه\end{array}\begin{array}{c}\;در\end{array}\begin{array}{c}\;علی\end{array}\;\begin{array}{c}که\end{array}\;\begin{array}{c}زمانی\end{array}\;\begin{array}{c}که\end{array}\;\begin{array}{c}مدت\end{array}\end{array}$ 
 ساعت   $1:15=1\frac{15}{60}=1\frac{1}{4}=1/25$"
15828,"نویسندگان چند اثر در کمانک برابر آن صحیح است؟ 
 «احسن‌التواریخ (خواندمیر) _ عباس‌نامه (میرزا برخوردار فراهی) _ عین‌الحیات (علی بن حسین واعظ کاشفی) _ تاریخ عالم‌آرای عباسی (شیخ بهایی) _ حبیب‌السیر (وحید قزوینی) _ مجالس‌المؤمنین (قاضی نورالله شوشتری) »",دو,سه,یک,چهار,1.0,متوسطه 2,یازدهم انسانى,متوسط,False,,علوم و فنون ادبی 2 يازدهم,49.0,30.0,9.0,6.0,7.0,1399,زبان و ادبیات فارسی دوره دوم متوسطه,نویسندگان «عین‌الحیات» و «مجالس‌المؤمنین» درست نوشته شده‌اند. «احسن‌التواریخ» از حسن بیگ روملو، «عباس‌نامه» از وحید قزوینی، «تاریخ عالم‌آرای عباسی» از اسکندربیگ ترکمان و «حیبب‌السیر» از خواندمیر است.
11693,کدام‌ گزینه از نظر تاریخ ادبیات صحیح است؟,سیدحسن حسینی، نویسنده، شاعر و استاد دانشگاه است و یکی از آثار او «تا صبح‌دمان» می‌باشد.,علی اکبر دهخدا، نویسنده و دانشمند معروف قرن چهاردهم که کتاب «روح‌القوانین» را نوشته است.,مثنوی معنوی کتاب جلال‌الدّین محمّد بلخی می‌باشد که شامل 6 دفتر و 26 هزار بیت است.,باباطاهر عریان همدانی از شاعران و عارفان ایرانی قرن ششم هجری است.,3.0,دبستان 2,ششم دبستان,دشوار,False,,فارسی ششم دبستان,34.0,8.0,10.0,32.0,16.0,1396,زبان و ادبیات فارسی دوره دوم ابتدایی,"تشریح سایر گزینه‌ها: 
 گزینه‌ی «1»: مصطفی علی‌پور نویسنده، شاعر و استاد دانشگاه است و یکی از آثار او «تا صبح‌دمان» می‌باشد. 
 گزینه‌ی «2»: علی‌اکبر دهخدا کتاب «روح‌القوانین» را ترجمه کرده است. 
 گزینه‌ی ‌«4»: باباطاهر عریان همدانی از شاعران و عارفان ایرانی قرن‌های چهارم و پنجم هجری است."
3035,در یک کارتن 5 جعبه وجود دارد و در هر جعبه 6 آدامس است. در سه کارتن چند آدامس وجود دارد؟,90,100,80,85,1.0,دبستان 1,سوم دبستان,متوسط,False,,ریاضی سوم دبستان,23.0,50.0,11.0,11.0,6.0,1395,ریاضی دوره اول ابتدایی,در سه کارتن 90 آدامس وجود دارد. 90=30+30+30                                 در یک کارتن، 30 آدامس وجود دارد.  30=6 ✕5
6136,"کدام‌یک از عبارت‌های زیر نادرست است؟ 
 آ) در سال 2005 میلادی مجموع میزان تولید یا مصرف نسبی فلزها و سوخت‌های فسیلی از مواد معدنی بیشتر بوده است. 
 ب) ترکیب تشکیل‌دهنده ظروف غذاخوری و ترکیب سازنده قاشق می‌توانند به ترتیب خاک چینی و فولاد زنگ نزن باشند. 
 پ) آرایش الکترونی لایه ظرفیت هلیم مشابه دیگر گازهای نجیب است. 
 ت) عنصرهای جدول دوره‌ای را براساس رفتار آن‌ها می‌توان فقط جزو فلزها و نافلزها جای داد.",ب و ت,آ، پ و ت,آ، ب و پ,پ و ت,2.0,متوسطه 2,یازدهم تجربي,ساده,False,,شیمی 2 يازدهم,25.0,5.0,53.0,6.0,11.0,1399,شیمی دوره دوم متوسطه,"گزینه «2» 
 بررسی عبارت‌های نادرست: 
 آ) در سال 2005 میلادی مجموع میزان تولید یا مصرف نسبی فلزها و سوخت‌های فسیلی از مواد معدنی کمتر بوده است. 
 پ) هلیم با اینکه در گروه 18 جدول دوره‌ای عنصرها جای دارد، اما عنصری از دسته s است و آرایش الکترونی لایه ظرفیت آن با دیگر گازهای نجیب متفاوت است. 
 ت) عنصرهای جدول دوره‌ای را براساس رفتار آن‌ها می‌توان در سه دسته شامل فلز، نافلز و شبه فلز جای داد."
2412,یک استاد نجاری 12 ساعت نیاز دارد تا کاری را به‌تنهایی کامل کند و دستیار او این کار را به تنهایی در 16 ساعت انجام می‌دهد. استاد پس از 4 ساعت کار به تنهایی کار را ترک کرده و ادامه آن را به دستیارش می‌سپارد تا به اتمام برساند. چند دقیقه طول می‌کشد تا دستیار کار را تمام کند؟,380,420,480,640,4.0,متوسطه 2,یازدهم تجربي,متوسط,False,,ریاضی 2 يازدهم تجربي,68.0,1.0,1.0,4.0,26.0,1398,ریاضی دوره دوم متوسطه,"گزینه «4» 
 استاد به تنهایی در هر ساعت$\frac{1}{12}$ کار و دستیارش به‌تنهایی در هر ساعت‌$\frac{1}{16}$ کار را انجام می‌دهد. استاد 4 ساعت کار می‌کند یعنی$4\times \frac{1}{12}=\frac{1}{3}$ کار انجام می‌شود پس$\frac{2}{3}$ کار باقی‌مانده است. 
 $x$ مدت زمان کار دستیار است تا کار به‌طور کامل تمام شود: 
 دقیقه$\Rightarrow \frac{32}{3}\times 60=640$(ساعت)$\frac{1}{16}x=\frac{2}{3}\Rightarrow x=\frac{32}{3}$"
12620,عبارات «از نویسندگان زبردست قرن هفتم»، «از نویسندگانی با نثر مصنوع»، «منشی و نویسنده عارف» و «شاعر مداح دربار خوارزمشاهیان» به‌ترتیب درباره کدام شخصیت‌ها مصداق دارد؟,شمس قیس رازی _ رشیدالدین فضل‌الله همدانی _ فخرالدین عراقی _ نجم‌الدین کبری,شمس قیس رازی _ عطاملک جوینی _ نجم دایه _ کمال‌الدین اسماعیل,سعدی _ رشیدالدین فضل‌الله همدانی _ نجم دایه _ کمال‌الدین اسماعیل,سعدی _ عطاملک جوینی _ فخرالدین عراقی _ نجم‌الدین کبری,2.0,متوسطه 2,یازدهم انسانى,ساده,False,,علوم و فنون ادبی 2 يازدهم,39.0,5.0,41.0,11.0,5.0,1398,زبان و ادبیات فارسی دوره دوم متوسطه,"_ «شمس قیس رازی» از نویسندگان زبردست قرن هفتم است. 
 _ کتاب تاریخ جهانگشا، نوشته عطاملک جوینی، به نثری مصنوع و دشوار نوشته شده است. 
 _ نجم‌الدین رازی (نجم دایه) از منشیان و نویسندگان توانا و از عارفان وارسته است. 
 _ کمال‌الدین اسماعیل، مداح جلال‌الدین خوارزمشاه بود."
